"state","year","zhvi_avg","warn_events","workers_affected","closures","layoffs","pop","births","deaths","netmig","disaster_declarations","workers_affected_per_capita","layoffs_per_capita","layoffs_per_capita_lag1","layoffs_per_capita_lag2","disaster_declarations_lag1","cpi","zhvi_real"
"Alabama",2010,125684.405998173,30,3993,21,9,4785514,NA,NA,NA,3,0.000834393128930351,1.88067572260785e-06,NA,NA,NA,218.056,125684.405998173
"Alabama",2011,119875.264889055,36,5445,22,14,4799642,NA,NA,NA,134,0.00113445961177938,2.91688421761456e-06,1.88067572260785e-06,NA,3,224.939,116207.152875436
"Alabama",2012,121658.98695778,32,5156,18,14,4816632,NA,NA,NA,11,0.00107045753132064,2.90659531390399e-06,2.91688421761456e-06,1.88067572260785e-06,134,229.594,115545.145169585
"Alabama",2013,128972.422809964,41,7329,26,15,4831586,NA,NA,NA,0,0.00151689321063518,3.1045706316725e-06,2.90659531390399e-06,2.91688421761456e-06,11,232.957,120722.754105906
"Alabama",2014,133206.09033159,17,4454,9,8,4843737,NA,NA,NA,21,0.00091953795179218,1.65161733595362e-06,3.1045706316725e-06,2.90659531390399e-06,0,236.736,122695.269132474
"Alabama",2015,135095.071872827,26,4946,13,13,4854803,NA,NA,NA,0,0.00101878490229161,2.67776056000625e-06,1.65161733595362e-06,3.1045706316725e-06,21,237.017,124287.671315987
"Alabama",2016,139962.93032955,21,3566,10,11,4866824,NA,NA,NA,39,0.00073271603822123,2.26020090309409e-06,2.67776056000625e-06,1.65161733595362e-06,0,240.007,127161.94417638
"Alabama",2017,144021.288311231,12,2200,5,7,4877989,NA,NA,NA,116,0.000451005527072734,1.43501758614052e-06,2.26020090309409e-06,2.67776056000625e-06,39,245.12,128119.721132481
"Alabama",2018,149763.209092931,28,3474,19,9,4891628,NA,NA,NA,27,0.000710193007317809,1.83987825730002e-06,1.43501758614052e-06,2.26020090309409e-06,116,251.107,130051.198580558
"Alabama",2019,158084.313265354,17,1847,10,7,4907965,NA,NA,NA,13,0.00037632705204703,1.42625303970179e-06,1.83987825730002e-06,1.43501758614052e-06,27,255.657,134833.910330599
"Alabama",2020,170808.710830139,30,5614,15,15,5032962,13899,15121,9584,278,0.00111544653029369,2.98035232533049e-06,1.42625303970179e-06,1.83987825730002e-06,13,258.811,143911.442128723
"Alabama",2021,194232.643291086,9,881,5,4,5050058,57327,69137,27603,11,0.000174453441920865,7.92070110877935e-07,2.98035232533049e-06,1.42625303970179e-06,278,270.97,156303.624997163
"Alabama",2022,218554.765187683,7,839,5,2,5076868,58251,67263,36109,0,0.000165259368571332,3.93943667631303e-07,7.92070110877935e-07,2.98035232533049e-06,11,292.655,162844.229135895
"Alabama",2023,224284.423038057,25,3839,12,13,5117850,58640,60111,42395,23,0.000750119679162148,2.54012915579784e-06,3.93943667631303e-07,7.92070110877935e-07,0,304.702,160506.213119659
"Alabama",2024,228289.443554841,21,1848,10,11,5163055,57648,59508,47055,67,0.000357927622308885,2.13052156136241e-06,2.54012915579784e-06,3.93943667631303e-07,23,314.055,158506.894982708
"Alabama",2025,230476.336670025,29,4057,15,14,5193088,57680,59868,32304,0,0.000781230743634616,2.69589115377979e-06,2.13052156136241e-06,2.54012915579784e-06,67,322.531,155819.899696212
"Alaska",2010,245873.32613719,1,109,0,0,713982,NA,NA,NA,0,0.000152664913121059,0,NA,NA,NA,218.056,245873.32613719
"Alaska",2011,242859.567834059,0,0,0,0,722349,NA,NA,NA,9,0,0,0,NA,0,224.939,235428.209086123
"Alaska",2012,248437.976074411,4,591,2,0,730810,NA,NA,NA,6,0.000808691725619518,0,0,0,9,229.594,235952.992285869
"Alaska",2013,256461.826972483,1,75,0,0,737626,NA,NA,NA,5,0.000101677543904363,0,0,0,6,232.957,240057.350250526
"Alaska",2014,260724.217541872,0,0,0,0,737075,NA,NA,NA,5,0,0,0,0,5,236.736,240151.392185009
"Alaska",2015,270763.835303517,1,134,0,0,738430,NA,NA,NA,3,0.000181466083447314,0,0,0,5,237.017,249103.139736574
"Alaska",2016,277447.632419334,4,356,1,0,742575,NA,NA,NA,1,0.000479412853920479,0,0,0,3,240.007,252072.318452505
"Alaska",2017,279667.965168407,4,513,0,0,740983,NA,NA,NA,1,0.000692323575574608,0,0,0,1,245.12,248789.481938488
"Alaska",2018,283844.01532787,7,1028,4,0,736624,NA,NA,NA,5,0.0013955559417016,0,0,0,1,251.107,246484.13069462
"Alaska",2019,301079.416737084,1,173,1,0,733603,NA,NA,NA,6,0.00023582237259117,0,0,0,5,255.657,256797.870960004
"Alaska",2020,312052.21177692,22,4281,0,0,732906,2408,1193,-1634,121,0.00584113105909898,0,0,0,6,258.811,262913.311610511
"Alaska",2021,328181.437353243,4,418,0,0,734590,9460,5431,-2170,5,0.000569024898242557,0,0,0,121,270.97,264095.40356312
"Alaska",2022,350571.462347691,1,182,0,0,733659,9392,6470,-3933,16,0.000248071651816443,0,0,0,5,292.655,261209.310600154
"Alaska",2023,353925.928278819,4,128,1,0,734654,9130,5616,-2578,11,0.000174231679130584,0,0,0,16,304.702,253282.460294865
"Alaska",2024,359521.964988219,0,0,0,0,736537,9037,5620,-1575,7,0,0,0,0,11,314.055,249624.816027355
"Alaska",2025,369641.141731618,3,183,1,1,737270,8867,5559,-2566,18,0.000248213002020969,1.35635520230038e-06,0,0,7,322.531,249906.113835352
"Arizona",2010,157836.336757692,22,3909,0,0,6407342,NA,NA,NA,24,0.000610081372275742,0,NA,NA,NA,218.056,157836.336757692
"Arizona",2011,139867.937165325,29,2844,0,0,6473416,NA,NA,NA,4,0.000439335275224086,0,0,NA,24,224.939,135588.0612367
"Arizona",2012,147437.482685925,51,5207,0,0,6556344,NA,NA,NA,0,0.000794192617104899,0,0,0,4,229.594,140028.170268222
"Arizona",2013,174901.414709385,25,3173,0,0,6634690,NA,NA,NA,4,0.000478243896851247,0,0,0,0,232.957,163713.916670757
"Arizona",2014,192349.738937612,30,5915,0,0,6732873,NA,NA,NA,3,0.000878525408098445,0,0,0,4,236.736,177172.101724199
"Arizona",2015,202642.623836714,45,5526,0,0,6832810,NA,NA,NA,2,0.000808744864850625,0,0,0,3,237.017,186431.52171928
"Arizona",2016,219546.278689462,33,3865,0,0,6944767,NA,NA,NA,1,0.000556534150101796,0,0,0,2,240.007,199466.612831748
"Arizona",2017,234500.864601861,14,1527,0,0,7048088,NA,NA,NA,3,0.000216654502611205,0,0,0,1,245.12,208609.336372485
"Arizona",2018,252412.509840148,34,3696,0,0,7164228,NA,NA,NA,4,0.000515896479006531,0,0,0,3,251.107,219189.677092647
"Arizona",2019,269611.694690298,56,6681,0,0,7291843,NA,NA,NA,2,0.000916229271529845,0,0,0,4,255.657,229958.294501569
"Arizona",2020,295886.292385068,188,30648,0,0,7186647,18108,18083,30113,81,0.00426457567764216,0,0,0,2,258.811,249293.041533468
"Arizona",2021,365920.435849054,17,2487,0,0,7274022,75661,80332,92249,8,0.000341901632961792,0,0,0,81,270.97,294464.872714697
"Arizona",2022,441928.483242579,25,2202,0,0,7370065,79135,79842,94991,5,0.000298776198038959,0,0,0,8,292.655,329279.039626672
"Arizona",2023,423525.597696787,80,8091,0,0,7452073,78678,70826,74551,2,0.00108573815634925,0,0,0,5,304.702,303090.553167917
"Arizona",2024,433541.308809815,82,8481,0,0,7556424,78372,69279,95046,7,0.00112235628916535,0,0,0,2,314.055,301018.240861737
"Arizona",2025,424056.808909331,90,18065,0,0,7623818,78926,71277,59326,2,0.00236954764659912,0,0,0,7,322.531,286695.33013426
"Arkansas",2010,120666.479817328,0,0,0,0,2921998,NA,NA,NA,25,0,0,NA,NA,NA,218.056,120666.479817328
"Arkansas",2011,117399.902189777,0,0,0,0,2941038,NA,NA,NA,63,0,0,0,NA,25,224.939,113807.534806743
"Arkansas",2012,118784.723197808,0,0,0,0,2952876,NA,NA,NA,0,0,0,0,0,63,229.594,112815.324449338
"Arkansas",2013,122086.891290402,0,0,0,0,2960459,NA,NA,NA,25,0,0,0,0,0,232.957,114277.6528167
"Arkansas",2014,124354.354768391,0,0,0,0,2968759,NA,NA,NA,26,0,0,0,0,25,236.736,114541.992698095
"Arkansas",2015,128180.466565174,0,0,0,0,2979732,NA,NA,NA,29,0,0,0,0,26,237.017,117926.223930501
"Arkansas",2016,134350.76271093,0,0,0,0,2991815,NA,NA,NA,50,0,0,0,0,29,240.007,122063.06446768
"Arkansas",2017,138817.814553944,0,0,0,0,3003855,NA,NA,NA,32,0,0,0,0,50,245.12,123490.7692982
"Arkansas",2018,144020.151740594,0,0,0,0,3012161,NA,NA,NA,0,0,0,0,0,32,251.107,125064.049221833
"Arkansas",2019,149680.671391975,0,0,0,0,3020985,NA,NA,NA,36,0,0,0,0,0,255.657,127666.242195787
"Arkansas",2020,158734.502682689,0,0,0,0,3014399,8518,8462,2619,240,0,0,0,0,36,258.811,133738.561023204
"Arkansas",2021,179155.10357754,0,0,0,0,3027127,34950,40142,17566,5,0,0,0,0,240,270.97,144170.370394155
"Arkansas",2022,200133.013069185,0,0,0,0,3047429,36160,40393,24600,0,0,0,0,0,5,292.655,149118.259718147
"Arkansas",2023,205064.659955616,0,0,0,0,3069856,35330,36406,23417,20,0,0,0,0,0,304.702,146751.841114538
"Arkansas",2024,211475.460253191,0,0,0,0,3096080,35272,36294,27163,11,0,0,0,0,20,314.055,146832.538762223
"Arkansas",2025,215132.365317195,0,0,0,0,3114791,35414,36638,19945,125,0,0,0,0,11,322.531,145446.18362764
"California",2010,304768.705302025,957,53668,0,0,37319550,NA,NA,NA,13,0.00143806664335449,0,NA,NA,NA,218.056,304768.705302025
"California",2011,288166.018220114,818,54393,0,0,37636311,NA,NA,NA,17,0.00144522665890395,0,0,NA,13,224.939,279348.308959341
"California",2012,283504.523897866,725,48948,0,0,37944551,NA,NA,NA,5,0.00128998759268492,0,0,0,17,229.594,269257.308392523
"California",2013,334564.817760784,903,61588,0,0,38253768,NA,NA,NA,10,0.00160998519152414,0,0,0,5,232.957,313164.514917541
"California",2014,384372.700985388,750,67420,103,231,38586706,NA,NA,NA,19,0.00174723387894266,5.98651774007349e-06,0,0,10,236.736,354043.211366542
"California",2015,412642.369629806,756,59759,245,511,38904296,NA,NA,NA,13,0.00153605144275069,1.3134796218906e-05,5.98651774007349e-06,0,19,237.017,379631.606813001
"California",2016,440246.741674944,704,63258,329,375,39149186,NA,NA,NA,14,0.00161581903644178,9.57874322086799e-06,1.3134796218906e-05,5.98651774007349e-06,13,240.007,399981.848457218
"California",2017,476481.591448523,645,62341,314,331,39337785,NA,NA,NA,150,0.00158476131790338,8.41430192371025e-06,9.57874322086799e-06,1.3134796218906e-05,14,245.12,423872.674220379
"California",2018,521936.344837683,673,63439,347,326,39437463,NA,NA,NA,29,0.00160859738873162,8.26625181239473e-06,8.41430192371025e-06,9.57874322086799e-06,150,251.107,453238.466509997
"California",2019,536967.654065625,772,65962,388,384,39437610,NA,NA,NA,45,0.00167256585781948,9.73689835667019e-06,8.26625181239473e-06,8.41430192371025e-06,29,255.657,457992.618136542
"California",2020,563401.340795978,6082,659226,1010,5072,39527808,103116,74350,-61011,181,0.0166775248452937,0.000128314729721415,9.73689835667019e-06,8.26625181239473e-06,45,258.811,474682.462370641
"California",2021,651426.148442518,616,50226,263,353,39152927,412508,344771,-426637,21,0.00128281596928884,9.01592874525064e-06,0.000128314729721415,9.73689835667019e-06,181,270.97,524218.106154857
"California",2022,739682.409919217,696,48454,268,428,39125347,424110,318097,-129980,6,0.00123842991092194,1.09392001047301e-05,9.01592874525064e-06,0.000128314729721415,21,292.655,551134.22828021
"California",2023,730116.465700346,1701,98206,433,1268,39181667,410395,303116,-51778,185,0.00250642730438192,3.23620738239647e-05,1.09392001047301e-05,9.01592874525064e-06,6,304.702,522498.296843324
"California",2024,768022.458732518,1573,86771,430,1143,39364774,400854,289060,71150,25,0.00220428040562357,2.90361123373908e-05,3.23620738239647e-05,1.09392001047301e-05,185,314.055,533256.611935419
"California",2025,766606.871662704,1656,89371,609,1042,39355309,398632,288917,-119799,6,0.00227087532205629,2.64767327833711e-05,2.90361123373908e-05,3.23620738239647e-05,25,322.531,518285.771002733
"Colorado",2010,223303.808579557,0,0,0,0,5047539,NA,NA,NA,2,0,0,NA,NA,NA,218.056,223303.808579557
"Colorado",2011,214715.773402412,0,0,0,0,5121900,NA,NA,NA,4,0,0,0,NA,2,224.939,208145.598073417
"Colorado",2012,218104.160628337,0,0,0,0,5193660,NA,NA,NA,9,0,0,0,0,4,229.594,207143.570171575
"Colorado",2013,236966.527878551,0,0,0,0,5270774,NA,NA,NA,40,0,0,0,0,9,232.957,221809.060054368
"Colorado",2014,256192.146581163,0,0,0,0,5352637,NA,NA,NA,0,0,0,0,0,40,236.736,235976.930905743
"Colorado",2015,286712.602344569,64,6806,39,2,5454328,NA,NA,NA,15,0.00124781641294766,3.6668128502723e-07,0,0,0,237.017,263776.02963858
"Colorado",2016,319492.529331856,66,6466,36,0,5543844,NA,NA,NA,4,0.00116633873536124,0,3.6668128502723e-07,0,15,240.007,290271.796139225
"Colorado",2017,348694.865751781,32,2971,17,0,5617421,NA,NA,NA,0,0.000528890392940105,0,0,3.6668128502723e-07,4,245.12,310195.037721812
"Colorado",2018,374736.390700417,37,4175,16,0,5697155,NA,NA,NA,4,0.000732821908478881,0,0,0,0,251.107,325413.144239587
"Colorado",2019,392782.772799609,51,6564,29,2,5758486,NA,NA,NA,0,0.00113988294839998,3.47313512614253e-07,0,0,4,255.657,335013.867430157
"Colorado",2020,414764.073157882,277,32032,96,32,5786873,15563,11888,7440,139,0.00553528650101704,5.52975674427277e-06,3.47313512614253e-07,0,0,258.811,349451.123547744
"Colorado",2021,479160.043350798,43,5847,12,2,5814368,62064,46505,10117,4,0.00100561230386518,3.43975475924468e-07,5.52975674427277e-06,3.47313512614253e-07,139,270.97,385591.476594832
"Colorado",2022,550687.619889489,30,3393,14,0,5853355,62598,49604,26898,0,0.000579667558178173,0,3.43975475924468e-07,5.52975674427277e-06,4,292.655,410315.011336292
"Colorado",2023,540325.246740269,80,5412,16,9,5912240,62233,45204,41928,14,0.000915389091105909,1.5222656725708e-06,0,3.43975475924468e-07,0,304.702,386676.693960644
"Colorado",2024,546781.405423722,71,5416,18,2,5988502,62517,44713,58308,4,0.000904399798146515,3.33973337572568e-07,1.5222656725708e-06,0,14,314.055,379643.585171626
"Colorado",2025,540378.450863547,66,5890,38,2,6012561,65380,44772,3256,3,0.000979615840903735,3.32636957862049e-07,3.33973337572568e-07,1.5222656725708e-06,4,322.531,365337.792278887
"Connecticut",2010,252207.420928813,0,0,0,0,3579173,NA,NA,NA,5,0,0,NA,NA,NA,218.056,252207.420928813
"Connecticut",2011,238424.520405189,0,0,0,0,3588632,NA,NA,NA,39,0,0,0,NA,5,224.939,231128.871478374
"Connecticut",2012,227164.085359964,0,0,0,0,3595211,NA,NA,NA,16,0,0,0,0,39,229.594,215748.198111677
"Connecticut",2013,228767.364859142,0,0,0,0,3595792,NA,NA,NA,18,0,0,0,0,16,232.957,214134.353171294
"Connecticut",2014,233102.387867502,29,3093,19,9,3595697,NA,NA,NA,0,0.000860194838441615,2.50299177044117e-06,0,0,18,236.736,214709.103342271
"Connecticut",2015,234482.768067764,39,3927,21,17,3588561,NA,NA,NA,4,0.00109431050496285,4.7372749132591e-06,2.50299177044117e-06,0,0,237.017,215724.502773153
"Connecticut",2016,237320.927877315,44,3231,30,13,3579830,NA,NA,NA,0,0.000902556825324108,3.63145735970703e-06,4.7372749132591e-06,2.50299177044117e-06,4,240.007,215615.595583528
"Connecticut",2017,242955.733910242,46,3365,28,17,3575324,NA,NA,NA,0,0.000941173443301922,4.75481382945993e-06,3.63145735970703e-06,4.7372749132591e-06,0,245.12,216130.6931851
"Connecticut",2018,248581.826837394,37,3035,24,8,3574561,NA,NA,NA,4,0.000849055310568207,2.23803706245326e-06,4.75481382945993e-06,3.63145735970703e-06,0,251.107,215863.193112318
"Connecticut",2019,251769.977903558,29,2014,25,3,3566022,NA,NA,NA,0,0.00056477497895414,8.41273553556316e-07,2.23803706245326e-06,4.75481382945993e-06,4,255.657,214740.665429612
"Connecticut",2020,263071.518297687,121,11646,56,61,3579643,8460,11936,-20799,31,0.00325339705663386,1.70408054657965e-05,8.41273553556316e-07,2.23803706245326e-06,0,258.811,221645.613957369
"Connecticut",2021,302356.907055762,14,1915,9,2,3607765,33924,34598,26880,27,0.000530799539326979,5.54359832195279e-07,1.70408054657965e-05,8.41273553556316e-07,31,270.97,243313.790179544
"Connecticut",2022,336860.879840002,9,1297,6,0,3618707,35611,34903,11754,0,0.000358415312430655,0,5.54359832195279e-07,1.70408054657965e-05,27,292.655,250993.61368981
"Connecticut",2023,361769.693638584,25,2271,13,0,3641369,35082,33014,21171,0,0.000623666538601279,0,0,5.54359832195279e-07,0,304.702,258895.748357593
"Connecticut",2024,395654.911074985,28,1972,14,2,3674449,34584,32883,31629,11,0.000536679104812722,5.44299294941908e-07,0,0,0,314.055,274712.796450835
"Connecticut",2025,413058.70018197,34,1994,16,18,3688496,34700,32417,11589,0,0.000540599745804252,4.88003782571541e-06,5.44299294941908e-07,0,11,322.531,279259.754649567
"Delaware",2010,239100.731486813,2,600,0,0,899647,NA,NA,NA,3,0.000666928250747238,0,NA,NA,NA,218.056,239100.731486813
"Delaware",2011,224257.962885482,4,1483,0,0,907590,NA,NA,NA,5,0.00163399773025265,0,0,NA,3,224.939,217395.802217297
"Delaware",2012,212025.744184297,1,426,0,0,915518,NA,NA,NA,6,0.000465310348895379,0,0,0,5,229.594,201370.618020728
"Delaware",2013,214628.017617086,3,1670,0,0,924062,NA,NA,NA,0,0.00180723804246901,0,0,0,6,232.957,200899.423539586
"Delaware",2014,224103.392518117,1,58,0,0,933131,NA,NA,NA,0,6.21563317476324e-05,0,0,0,0,236.736,206420.186870313
"Delaware",2015,233950.474645213,4,2156,0,0,942065,NA,NA,NA,0,0.00228858942854262,0,0,0,0,237.017,215234.792015917
"Delaware",2016,244682.698920739,4,434,0,0,949989,NA,NA,NA,1,0.000456847395075101,0,0,0,0,240.007,222304.060280994
"Delaware",2017,254815.231276662,7,884,0,0,957942,NA,NA,NA,0,0.000922811610723822,0,0,0,1,245.12,226680.768893864
"Delaware",2018,261689.704491517,3,251,0,0,966985,NA,NA,NA,0,0.000259569693428543,0,0,0,0,251.107,227245.796423844
"Delaware",2019,269033.031959387,2,605,0,0,976668,NA,NA,NA,0,0.000619453079244943,0,0,0,0,255.657,229464.739150252
"Delaware",2020,278747.032193398,16,3947,0,0,991890,2577,2966,2299,8,0.00397927189506901,0,0,0,0,258.811,234852.702752061
"Delaware",2021,319880.416295968,3,261,0,0,1005130,10162,11246,14619,1,0.000259667903654254,0,0,0,8,270.97,257415.374601741
"Delaware",2022,356545.87958235,1,91,0,0,1020279,10844,11508,15620,0,8.91912898334671e-05,0,0,0,1,292.655,265660.823557461
"Delaware",2023,370633.420208269,2,613,0,0,1035354,10721,10983,15194,0,0.000592068026974349,0,0,0,0,304.702,265238.958316435
"Delaware",2024,383150.999799934,0,0,0,0,1050123,10422,10619,14839,0,0,0,0,0,0,314.055,266031.027725635
"Delaware",2025,391618.330537925,2,153,0,0,1059952,10328,10882,10328,0,0.000144346159071354,0,0,0,0,322.531,264764.399960865
"District of Columbia",2010,360050.026205748,0,0,0,0,605282,NA,NA,NA,0,0,0,NA,NA,NA,218.056,360050.026205748
"District of Columbia",2011,357732.097015047,0,0,0,0,620290,NA,NA,NA,0,0,0,0,NA,0,224.939,346785.706999289
"District of Columbia",2012,364098.453571012,0,0,0,0,635737,NA,NA,NA,0,0,0,0,0,0,229.594,345801.076647824
"District of Columbia",2013,406779.751369954,0,0,0,0,651559,NA,NA,NA,0,0,0,0,0,0,232.957,380760.249594246
"District of Columbia",2014,449497.265770317,0,0,0,0,663603,NA,NA,NA,0,0,0,0,0,0,236.736,414029.027206729
"District of Columbia",2015,475926.947432889,0,0,0,0,677014,NA,NA,NA,0,0,0,0,0,0,237.017,437853.514513415
"District of Columbia",2016,501048.951219474,0,0,0,0,687576,NA,NA,NA,0,0,0,0,0,0,240.007,455223.098105945
"District of Columbia",2017,521905.968196596,0,0,0,0,697079,NA,NA,NA,0,0,0,0,0,0,245.12,464281.689788989
"District of Columbia",2018,549530.393814782,0,0,0,0,704147,NA,NA,NA,0,0,0,0,0,0,251.107,477200.55416088
"District of Columbia",2019,564977.710123996,0,0,0,0,708253,NA,NA,NA,0,0,0,0,0,0,255.657,481883.068168671
"District of Columbia",2020,588939.223125441,0,0,0,0,670958,2189,2002,-15344,0,0,0,0,0,0,258.811,496198.891228894
"District of Columbia",2021,623241.254248095,0,0,0,0,669637,8504,5810,-4513,0,0,0,0,0,0,270.97,501537.051837187
"District of Columbia",2022,635134.12044588,0,0,0,0,674501,8495,5567,2484,0,0,0,0,0,0,292.655,473235.740950768
"District of Columbia",2023,611692.086193726,0,0,0,0,682559,8055,5050,5164,0,0,0,0,0,0,304.702,437749.438950381
"District of Columbia",2024,599667.552451422,0,0,0,0,691310,7747,4920,5921,0,0,0,0,0,0,314.055,416363.719149026
"District of Columbia",2025,580335.701766491,0,0,0,0,693645,7336,4820,-213,0,0,0,0,0,0,322.531,392351.996503883
"Florida",2010,146401.552498518,105,13817,0,0,18846143,NA,NA,NA,0,0.000733147360709297,0,NA,NA,NA,218.056,146401.552498518
"Florida",2011,133014.398470393,141,19702,0,0,19055607,NA,NA,NA,1,0.00103392140696436,0,0,NA,0,224.939,128944.236761344
"Florida",2012,132086.463777341,165,16997,0,0,19302016,NA,NA,NA,46,0.000880581593135142,0,0,0,1,229.594,125448.600335513
"Florida",2013,147776.485923983,127,14805,0,0,19551678,NA,NA,NA,4,0.000757224009110625,0,0,0,46,232.957,138324.022951189
"Florida",2014,166204.796488145,105,13778,0,0,19853880,NA,NA,NA,9,0.000693970145885842,0,0,0,4,236.736,153090.164161847
"Florida",2015,181100.034823748,85,12639,0,0,20219111,NA,NA,NA,0,0.000625101667427416,0,0,0,9,237.017,166612.307106778
"Florida",2016,198285.188122208,101,12400,0,0,20627237,NA,NA,NA,72,0.000601146920452797,0,0,0,0,240.007,180150.058044875
"Florida",2017,214322.941770956,268,27277,0,0,20977089,NA,NA,NA,146,0.00130032341475025,0,0,0,72,245.12,190659.282762759
"Florida",2018,230649.562124959,123,16613,0,0,21254926,NA,NA,NA,53,0.000781607049584647,0,0,0,146,251.107,200291.194266668
"Florida",2019,242676.626205984,151,13060,0,0,21492056,NA,NA,NA,87,0.000607666386128903,0,0,0,53,255.657,206984.727208612
"Florida",2020,257027.539826532,1339,182615,0,0,21591325,50409,56364,64500,212,0.00845779497089688,0,0,0,87,258.811,216553.381519387
"Florida",2021,299432.671357705,104,12136,0,0,21836698,208256,250266,300077,61,0.000555761681550938,0,0,0,212,270.97,240960.58820377
"Florida",2022,374163.719497079,115,10007,0,0,22413989,222202,260264,598737,264,0.000446462251766073,0,0,0,61,292.655,278787.801399789
"Florida",2023,390680.781054898,210,10031,0,0,22929248,224378,231949,517095,99,0.000437476187618539,0,0,0,264,304.702,279585.589834352
"Florida",2024,397116.926890852,211,11800,1,11,23265838,221213,229252,342075,340,0.000507181387577787,4.72796208758954e-07,0,0,99,314.055,275727.90947481
"Florida",2025,381171.865627136,211,19022,78,105,23462518,225971,227304,201191,0,0.000810739921435542,4.47522299183745e-06,4.72796208758954e-07,0,340,322.531,257701.778530407
"Georgia",2010,138015.093868307,0,0,0,0,9712209,NA,NA,NA,0,0,0,NA,NA,NA,218.056,138015.093868307
"Georgia",2011,125067.264834992,0,0,0,0,9803630,NA,NA,NA,32,0,0,0,NA,0,224.939,121240.280702142
"Georgia",2012,121597.724685605,0,0,0,0,9903580,NA,NA,NA,0,0,0,0,0,32,229.594,115486.961567133
"Georgia",2013,131704.127437975,0,0,0,0,9975592,NA,NA,NA,0,0,0,0,0,0,232.957,123279.726355573
"Georgia",2014,145857.074316709,0,0,0,0,10071204,NA,NA,NA,136,0,0,0,0,0,236.736,134348.008740556
"Georgia",2015,154987.46096048,0,0,0,0,10183353,NA,NA,NA,16,0,0,0,0,136,237.017,142588.699490747
"Georgia",2016,165245.180940373,0,0,0,0,10308442,NA,NA,NA,85,0,0,0,0,16,240.007,150131.884383097
"Georgia",2017,175871.178773079,0,0,0,0,10417031,NA,NA,NA,351,0,0,0,0,85,245.12,156453.026103715
"Georgia",2018,191067.168459826,0,0,0,0,10519389,NA,NA,NA,177,0,0,0,0,351,251.107,165918.682018725
"Georgia",2019,205147.038496211,0,0,0,0,10628020,NA,NA,NA,12,0,0,0,0,177,255.657,174974.839829654
"Georgia",2020,220254.266272295,0,0,0,0,10732595,29838,24705,12316,320,0,0,0,0,12,258.811,185570.799874315
"Georgia",2021,260237.74894081,0,0,0,0,10793038,121375,109407,47242,30,0,0,0,0,320,270.97,209419.502465355
"Georgia",2022,313410.798593977,0,0,0,0,10929992,125747,110519,121721,0,0,0,0,0,30,292.655,233521.05755312
"Georgia",2023,323227.897455572,52,7351,27,25,11063669,126265,98375,105074,41,0.000664426963604931,2.25964822338774e-06,0,0,0,304.702,231313.816146832
"Georgia",2024,334420.726969337,67,7984,35,32,11204208,125708,97476,111929,343,0.000712589412834892,2.85606979092141e-06,2.25964822338774e-06,0,41,314.055,232196.417952351
"Georgia",2025,330568.438427734,87,15275,51,36,11302748,126446,97815,69912,0,0.00135144126012541,3.18506614497643e-06,2.85606979092141e-06,2.25964822338774e-06,343,322.531,223489.932470981
"Hawaii",2010,414434.805587346,0,0,0,0,1364004,NA,NA,NA,1,0,0,NA,NA,NA,218.056,414434.805587346
"Hawaii",2011,414620.007066691,0,0,0,0,1379562,NA,NA,NA,3,0,0,0,NA,1,224.939,401932.880740709
"Hawaii",2012,410723.320282047,0,0,0,0,1395199,NA,NA,NA,2,0,0,0,0,3,229.594,390082.860734262
"Hawaii",2013,437000.639367953,0,0,0,0,1408822,NA,NA,NA,0,0,0,0,0,2,232.957,409048.070751334
"Hawaii",2014,475036.159002543,0,0,0,0,1415335,NA,NA,NA,3,0,0,0,0,0,236.736,437552.73675089
"Hawaii",2015,506023.120380596,0,0,0,0,1422999,NA,NA,NA,0,0,0,0,0,3,237.017,465542.039337732
"Hawaii",2016,535461.122554541,0,0,0,0,1428885,NA,NA,NA,1,0,0,0,0,0,240.007,486487.938017446
"Hawaii",2017,566376.810220367,0,0,0,0,1425763,NA,NA,NA,0,0,0,0,0,1,245.12,503842.451572341
"Hawaii",2018,594778.64846694,0,0,0,0,1423102,NA,NA,NA,14,0,0,0,0,0,251.107,516493.180079039
"Hawaii",2019,605524.866345054,25,2375,9,8,1415615,NA,NA,NA,1,0.00167771604567626,5.65125404859372e-06,0,0,14,255.657,516466.712257975
"Hawaii",2020,621825.585488001,258,62801,20,228,1451130,3825,2858,-4742,14,0.0432773080289154,0.00015711893489901,5.65125404859372e-06,0,1,258.811,523906.634065676
"Hawaii",2021,695969.269139486,41,7271,8,24,1446909,15525,12239,-7797,2,0.00502519508828821,1.65870832236167e-05,0.00015711893489901,5.65125404859372e-06,14,270.97,560063.014176771
"Hawaii",2022,820544.062544189,29,3118,6,12,1437812,15726,13490,-11401,2,0.0021685728036767,8.34601463890968e-06,1.65870832236167e-05,0.00015711893489901,2,292.655,611383.902896365
"Hawaii",2023,823653.551455039,23,2779,3,10,1434950,15245,12979,-4977,7,0.00193665284504687,6.96888393323809e-06,8.34601463890968e-06,1.65870832236167e-05,2,304.702,589436.888553669
"Hawaii",2024,837723.647893736,23,2173,7,8,1434952,14737,12704,-1898,1,0.00151433636804576,5.57509937614638e-06,6.96888393323809e-06,8.34601463890968e-06,7,314.055,581651.837305939
"Hawaii",2025,825831.681979102,27,1914,7,14,1432820,14631,12607,-4108,2,0.00133582724975922,9.77094122080931e-06,5.57509937614638e-06,6.96888393323809e-06,1,322.531,558326.341485424
"Idaho",2010,161233.5203724,3,322,0,0,1570819,NA,NA,NA,8,0.00020498860785361,0,NA,NA,NA,218.056,161233.5203724
"Idaho",2011,145230.042014412,2,772,0,0,1584272,NA,NA,NA,6,0.000487290061302605,0,0,NA,8,224.939,140786.0888574
"Idaho",2012,148628.857785966,24,987,0,0,1595910,NA,NA,NA,2,0.000618455927965863,0,0,0,6,229.594,141159.674091556
"Idaho",2013,164828.094756656,7,900,0,0,1612053,NA,NA,NA,3,0.00055829429925691,0,0,0,2,232.957,154284.932542303
"Idaho",2014,176583.914334785,14,4417,0,0,1632248,NA,NA,NA,0,0.00270608387941048,0,0,0,3,236.736,162650.302548771
"Idaho",2015,186581.382122008,9,1014,0,0,1652495,NA,NA,NA,11,0.000613617590370924,0,0,0,0,237.017,171655.154946678
"Idaho",2016,202175.913316418,20,1236,0,0,1684036,NA,NA,NA,4,0.000733951055678145,0,0,0,11,240.007,183684.938164824
"Idaho",2017,220508.034010586,7,458,0,0,1719745,NA,NA,NA,27,0.000266318553041294,0,0,0,4,245.12,196161.471378151
"Idaho",2018,245968.291236721,8,1431,0,0,1752074,NA,NA,NA,1,0.000816746324641539,0,0,0,27,251.107,213593.654155059
"Idaho",2019,275023.989105725,4,449,0,0,1789060,NA,NA,NA,6,0.000250969783014544,0,0,0,1,255.657,234574.570492645
"Idaho",2020,312581.422779751,35,2156,0,0,1849328,5459,3630,8870,93,0.00116582888487061,0,0,0,6,258.811,263359.187691642
"Idaho",2021,416629.595795678,3,758,0,0,1904855,21845,17114,53049,6,0.000397930551144313,0,0,0,93,270.97,335271.739088542
"Idaho",2022,476069.143435018,3,352,0,0,1942951,22375,18939,33927,4,0.000181167718588889,0,0,0,6,292.655,354717.10082133
"Idaho",2023,446735.759780271,15,729,0,0,1970497,22357,16829,21892,0,0.000369957426984157,0,0,0,4,304.702,319700.602013268
"Idaho",2024,454695.914969289,7,1099,0,0,2000872,22868,16782,24129,8,0.000549260522412228,0,0,0,0,314.055,315706.39676026
"Idaho",2025,460920.24779895,14,1001,0,0,2029733,23695,16795,22063,1,0.00049316831327076,0,0,0,8,322.531,311617.877208851
"Illinois",2010,162774.640219599,0,0,0,0,12840545,NA,NA,NA,11,0,0,NA,NA,NA,218.056,162774.640219599
"Illinois",2011,149040.507325971,0,0,0,0,12867783,NA,NA,NA,86,0,0,0,NA,11,224.939,144479.95619022
"Illinois",2012,140260.56300038,0,0,0,0,12883029,NA,NA,NA,0,0,0,0,0,86,229.594,133211.918977024
"Illinois",2013,144656.180966733,0,0,0,0,12895778,NA,NA,NA,62,0,0,0,0,0,232.957,135403.307034697
"Illinois",2014,156073.031432782,0,0,0,0,12885092,NA,NA,NA,0,0,0,0,0,62,236.736,143757.86083277
"Illinois",2015,162198.711369882,0,0,0,0,12859585,NA,NA,NA,0,0,0,0,0,0,237.017,149223.06082041
"Illinois",2016,170208.545001208,0,0,0,0,12821709,NA,NA,NA,0,0,0,0,0,0,240.007,154641.299998681
"Illinois",2017,178078.764670414,0,0,0,0,12779893,NA,NA,NA,0,0,0,0,0,0,245.12,158416.869733077
"Illinois",2018,185993.396096252,0,0,0,0,12724685,NA,NA,NA,0,0,0,0,0,0,251.107,161512.725567843
"Illinois",2019,190973.698293863,0,0,0,0,12667017,NA,NA,NA,28,0,0,0,0,0,255.657,162886.057315726
"Illinois",2020,197539.929963978,518,76539,109,386,12795348,33452,35327,-24722,204,0.00598178337939695,3.01672138968006e-05,0,0,28,258.811,166433.292898004
"Illinois",2021,218185.111917578,69,8751,34,29,12703354,131839,128445,-96932,14,0.000688873190497565,2.28286167574327e-06,3.01672138968006e-05,0,204,270.97,175578.745854889
"Illinois",2022,238759.318826371,54,5839,41,12,12609577,129746,127075,-98171,1,0.000463060735502864,9.51657617063602e-07,2.28286167574327e-06,3.01672138968006e-05,14,292.655,177898.556409435
"Illinois",2023,245951.351266933,109,16598,75,33,12633389,127000,116926,14362,23,0.00131382006839178,2.61212569327201e-06,9.51657617063602e-07,2.28286167574327e-06,1,304.702,176011.8668465
"Illinois",2024,261148.619711161,116,15232,74,42,12703033,125470,113529,58041,7,0.00119908371488919,3.30629700796652e-06,2.61212569327201e-06,9.51657617063602e-07,23,314.055,181321.817578886
"Illinois",2025,272336.489175583,136,14708,73,62,12719141,125129,114226,4735,0,0.00115636739933931,4.87454302141945e-06,3.30629700796652e-06,2.61212569327201e-06,7,322.531,184120.613161746
"Indiana",2010,113275.569961587,78,9256,48,30,6490555,NA,NA,NA,0,0.0014260721925937,4.62210088351458e-06,NA,NA,NA,218.056,113275.569961587
"Indiana",2011,110182.190311883,96,11052,60,36,6517250,NA,NA,NA,36,0.0016958072806782,5.52380221719283e-06,4.62210088351458e-06,NA,0,224.939,106810.680631851
"Indiana",2012,110564.413506637,88,11316,58,30,6538989,NA,NA,NA,6,0.00173054274903965,4.58786518833416e-06,5.52380221719283e-06,4.62210088351458e-06,36,229.594,105008.117597164
"Indiana",2013,112970.735698091,94,15132,58,36,6570575,NA,NA,NA,0,0.00230299479117124,5.47897254045498e-06,4.58786518833416e-06,5.52380221719283e-06,6,232.957,105744.608418648
"Indiana",2014,116899.613297363,88,10248,66,22,6596019,NA,NA,NA,30,0.00155366441485387,3.33534515288692e-06,5.47897254045498e-06,4.58786518833416e-06,0,236.736,107675.47849575
"Indiana",2015,121279.7647428,92,10732,52,40,6611442,NA,NA,NA,0,0.00162324648692373,6.05011735715144e-06,3.33534515288692e-06,5.47897254045498e-06,30,237.017,111577.56777259
"Indiana",2016,127087.484549212,84,11806,50,34,6637898,NA,NA,NA,0,0.00177857508506458,5.1221034128575e-06,6.05011735715144e-06,3.33534515288692e-06,0,240.007,115464.084509464
"Indiana",2017,134304.066476822,116,21594,64,52,6662068,NA,NA,NA,0,0.00324133587348553,7.80538415398942e-06,5.1221034128575e-06,6.05011735715144e-06,0,245.12,119475.389685337
"Indiana",2018,143924.147179826,96,12346,70,26,6698481,NA,NA,NA,31,0.0018431044291982,3.88147700948917e-06,7.80538415398942e-06,5.1221034128575e-06,0,251.107,124980.680894774
"Indiana",2019,153847.592811842,70,10460,52,18,6731010,NA,NA,NA,0,0.00155400155400155,2.67419005468719e-06,3.88147700948917e-06,7.80538415398942e-06,31,255.657,131220.309626488
"Indiana",2020,165629.767868359,310,68630,88,216,6790290,19425,19147,1977,185,0.010107079373635,3.18101288752027e-05,2.67419005468719e-06,3.88147700948917e-06,0,258.811,139548.027952069
"Indiana",2021,190539.259583498,58,5622,46,12,6814223,77620,77873,21134,0,0.000825039039667472,1.76102249662214e-06,3.18101288752027e-05,2.67419005468719e-06,185,270.97,153331.471335348
"Indiana",2022,216156.354366555,64,9796,36,28,6841491,80451,79703,29467,0,0.0014318516241562,4.09267512008713e-06,1.76102249662214e-06,3.18101288752027e-05,0,292.655,161057.183399407
"Indiana",2023,225213.570658503,86,10320,48,38,6881373,79708,72091,32826,13,0.00149970071379651,5.52215379111116e-06,4.09267512008713e-06,1.76102249662214e-06,0,304.702,161171.145458548
"Indiana",2024,235998.952261287,82,6752,58,22,6934754,79448,70277,44438,0,0.000973646649902794,3.17242688060744e-06,5.52215379111116e-06,4.09267512008713e-06,13,314.055,163859.79377589
"Indiana",2025,244616.923983622,62,7886,46,14,6973333,79648,71087,30049,25,0.00113087959516633,2.0076482795243e-06,3.17242688060744e-06,5.52215379111116e-06,0,322.531,165380.034713477
"Iowa",2010,118303.575029083,58,7660,22,10,3050819,NA,NA,NA,117,0.0025108011979734,3.27780835244569e-06,NA,NA,NA,218.056,118303.575029083
"Iowa",2011,115644.29369713,62,5726,10,24,3066772,NA,NA,NA,20,0.0018671097818814,7.82581815668071e-06,3.27780835244569e-06,NA,117,224.939,112105.646892808
"Iowa",2012,117464.766968323,58,4976,22,20,3076844,NA,NA,NA,0,0.00161724156310817,6.5001670542933e-06,7.82581815668071e-06,3.27780835244569e-06,20,229.594,111561.701203188
"Iowa",2013,122601.430820618,40,1250,8,2,3093935,NA,NA,NA,86,0.000404016244685166,6.46425991496266e-07,6.5001670542933e-06,7.82581815668071e-06,0,232.957,114759.280034602
"Iowa",2014,127095.924020916,64,4082,18,22,3110643,NA,NA,NA,60,0.00131226887817085,7.07249272899526e-06,6.46425991496266e-07,6.5001670542933e-06,86,236.736,117067.234422753
"Iowa",2015,132160.39934028,102,11954,14,60,3122541,NA,NA,NA,19,0.00382829240672901,1.92151199936206e-05,7.07249272899526e-06,6.46425991496266e-07,60,237.017,121587.768128633
"Iowa",2016,138513.740418216,182,9280,36,60,3133210,NA,NA,NA,27,0.00296181870988539,1.91496899346038e-05,1.92151199936206e-05,7.07249272899526e-06,19,240.007,125845.296931484
"Iowa",2017,142949.929921226,104,7642,30,44,3143734,NA,NA,NA,9,0.00243086724258477,1.399609508947e-05,1.91496899346038e-05,1.92151199936206e-05,27,245.12,127166.652737039
"Iowa",2018,148871.57157655,136,8090,74,44,3149900,NA,NA,NA,35,0.00256833550271437,1.39686974189657e-05,1.399609508947e-05,1.91496899346038e-05,9,251.107,129276.919447472
"Iowa",2019,156302.865626009,158,9802,62,54,3159596,NA,NA,NA,81,0.00310229535674814,1.70907926203223e-05,1.39686974189657e-05,1.399609508947e-05,35,255.657,133314.47082202
"Iowa",2020,163809.38989044,138,10804,34,98,3191081,9091,8032,-1043,227,0.00338568654321216,3.07105961898178e-05,1.70907926203223e-05,1.39686974189657e-05,81,258.811,138014.305118213
"Iowa",2021,179108.909520013,72,7028,26,24,3199037,35845,35466,5995,0,0.00219691113294407,7.50225771067981e-06,3.07105961898178e-05,1.70907926203223e-05,227,270.97,144133.196938023
"Iowa",2022,198128.033948069,178,8114,62,54,3201890,36774,35685,2934,25,0.00253412828048434,1.68650390862897e-05,7.50225771067981e-06,3.07105961898178e-05,0,292.655,147624.358273667
"Iowa",2023,205687.002905498,184,7186,50,94,3214739,36415,32987,9773,7,0.00223532921335138,2.92403209094113e-05,1.68650390862897e-05,7.50225771067981e-06,25,304.702,147197.212704745
"Iowa",2024,213611.419487356,240,13172,74,118,3230454,36280,32751,12274,67,0.00407744546122619,3.65273735518289e-05,2.92403209094113e-05,1.68650390862897e-05,7,314.055,148315.587039642
"Iowa",2025,221679.387618275,387,16165,89,176,3238387,36470,33521,4933,4,0.00499168258765861,5.43480442578358e-05,3.65273735518289e-05,2.92403209094113e-05,67,322.531,149872.47906865
"Kansas",2010,118176.584098542,48,5487,0,0,2858266,NA,NA,NA,92,0.00191969536775094,0,NA,NA,NA,218.056,118176.584098542
"Kansas",2011,114408.720737714,53,3664,0,0,2869677,NA,NA,NA,35,0.00127679874773363,0,0,NA,92,224.939,110907.881733194
"Kansas",2012,114491.605065269,54,4460,0,0,2886024,NA,NA,NA,14,0.00154537869400947,0,0,0,35,229.594,108737.952359871
"Kansas",2013,117209.855024095,26,1780,0,0,2894306,NA,NA,NA,69,0.000615000625365804,0,0,0,14,232.957,109712.574196672
"Kansas",2014,120010.995254115,37,5280,0,0,2901861,NA,NA,NA,0,0.00181952202397013,0,0,0,69,236.736,110541.352312835
"Kansas",2015,125645.825055319,25,2768,0,0,2910717,NA,NA,NA,44,0.00095096843836072,0,0,0,0,237.017,115594.349891622
"Kansas",2016,131152.621573816,18,2459,0,0,2912977,NA,NA,NA,16,0.000844153592699153,0,0,0,44,240.007,119157.424783027
"Kansas",2017,136020.725328695,15,2306,0,0,2910892,NA,NA,NA,60,0.000792197031013174,0,0,0,16,245.12,121002.51012677
"Kansas",2018,142682.674496213,18,2044,0,0,2912748,NA,NA,NA,8,0.000701742821555452,0,0,0,60,251.107,123902.612312465
"Kansas",2019,149677.049572201,19,1957,0,0,2912635,NA,NA,NA,117,0.000671900186600793,0,0,0,8,255.657,127663.153058653
"Kansas",2020,161044.734649595,62,15642,0,0,2938274,8501,6984,-1768,233,0.00532353347577523,0,0,0,117,258.811,135685.000478156
"Kansas",2021,180922.008419904,8,1125,0,0,2938966,34178,32781,-2542,0,0.000382787687914729,0,0,0,233,270.97,145592.240720414
"Kansas",2022,203291.746520257,8,951,0,0,2938034,34404,33232,-915,77,0.000323685838897712,0,0,0,0,292.655,151471.818623366
"Kansas",2023,213852.502023028,18,23436,0,0,2949749,34681,30221,7531,22,0.00794508278500984,0,0,0,77,304.702,153040.745322096
"Kansas",2024,224644.830562792,13,3476,0,0,2965252,33957,29122,10773,61,0.00117224438260222,0,0,0,22,314.055,155976.351827547
"Kansas",2025,232926.102253907,12,946,0,0,2977220,34416,29465,6921,68,0.000317746085274182,0,0,0,61,322.531,157476.131451172
"Kentucky",2010,113745.686975925,38,4311,24,14,4348464,NA,NA,NA,91,0.000991384544059696,3.21952763090599e-06,NA,NA,NA,218.056,113745.686975925
"Kentucky",2011,110454.076185967,34,3875,17,17,4370817,NA,NA,NA,86,0.00088656194025053,3.88943302819587e-06,3.21952763090599e-06,NA,91,224.939,107074.24695943
"Kentucky",2012,110764.266725621,77,10140,51,23,4387865,NA,NA,NA,23,0.00231091886372985,5.24172917808547e-06,3.88943302819587e-06,3.21952763090599e-06,86,229.594,105197.927407171
"Kentucky",2013,112328.857205202,58,7411,39,21,4406906,NA,NA,NA,0,0.00168167871064189,4.76524799939005e-06,5.24172917808547e-06,3.88943302819587e-06,23,232.957,105143.787423162
"Kentucky",2014,115571.786711598,39,5451,15,23,4416992,NA,NA,NA,4,0.00123409777513747,5.20716360817497e-06,4.76524799939005e-06,5.24172917808547e-06,0,236.736,106452.426006962
"Kentucky",2015,119281.283927345,77,7339,44,32,4429126,NA,NA,NA,163,0.00165698605097258,7.22490170747005e-06,5.20716360817497e-06,4.76524799939005e-06,4,237.017,109738.962386922
"Kentucky",2016,125139.709331402,42,5908,28,14,4440306,NA,NA,NA,25,0.0013305389313259,3.15293585622252e-06,7.22490170747005e-06,5.20716360817497e-06,163,240.007,113694.45248667
"Kentucky",2017,131611.127593737,30,2841,20,10,4455590,NA,NA,NA,0,0.000637625993415014,2.24437167692719e-06,3.15293585622252e-06,7.22490170747005e-06,25,245.12,117079.781488985
"Kentucky",2018,139466.791233055,34,4130,21,13,4464273,NA,NA,NA,57,0.000925122634749264,2.91200829339962e-06,2.24437167692719e-06,3.15293585622252e-06,0,251.107,121110.007403676
"Kentucky",2019,147344.837804708,30,4839,14,16,4472345,NA,NA,NA,61,0.00108198271823842,3.57754153581622e-06,2.91200829339962e-06,2.24437167692719e-06,57,255.657,125673.953587593
"Kentucky",2020,158192.501315968,129,16717,26,103,4508271,12636,12754,1148,267,0.00370807344988799,2.28468962935014e-05,3.57754153581622e-06,2.91200829339962e-06,61,258.811,133281.908678359
"Kentucky",2021,178830.759021849,18,2789,13,5,4508348,51493,58343,4766,134,0.000618630150112636,1.10905369328189e-06,2.28468962935014e-05,3.57754153581622e-06,267,270.97,143909.362620469
"Kentucky",2022,198302.233208154,14,2422,7,6,4521238,52462,61378,22881,33,0.000535693984700651,1.32707015202473e-06,1.10905369328189e-06,2.28468962935014e-05,134,292.655,147754.153403965
"Kentucky",2023,207669.152569923,42,4054,24,18,4549953,52597,54273,30611,110,0.000890998214706833,3.95608482109595e-06,1.32707015202473e-06,1.10905369328189e-06,33,304.702,148615.712180384
"Kentucky",2024,217149.93155439,44,3510,28,16,4584046,52350,53307,35223,103,0.000765699122565524,3.49036637066906e-06,3.95608482109595e-06,1.32707015202473e-06,110,314.055,150772.461750407
"Kentucky",2025,228479.516300436,56,4684,45,10,4606864,52982,53065,22978,439,0.00101674371112323,2.1706740203314e-06,3.49036637066906e-06,3.95608482109595e-06,103,322.531,154469.894076563
"Louisiana",2010,161100.629021345,38,9054,0,0,4544635,NA,NA,NA,0,0.00199223920072789,0,NA,NA,NA,218.056,161100.629021345
"Louisiana",2011,156938.503570107,20,1357,0,0,4576244,NA,NA,NA,56,0.000296531391245747,0,0,NA,0,224.939,152136.27843319
"Louisiana",2012,156822.435746363,44,3241,0,0,4602067,NA,NA,NA,89,0.000704248764739844,0,0,0,56,229.594,148941.492587389
"Louisiana",2013,161178.584740132,25,1983,0,0,4626040,NA,NA,NA,11,0.00042866036610146,0,0,0,89,232.957,150868.861953469
"Louisiana",2014,164932.014096897,31,3885,0,0,4645938,NA,NA,NA,0,0.000836214344659787,0,0,0,11,236.736,151917.812524977
"Louisiana",2015,173442.680455331,33,4577,0,0,4666998,NA,NA,NA,7,0.00098071608344379,0,0,0,0,237.017,159567.529457245
"Louisiana",2016,179405.643286396,36,4061,0,0,4681346,NA,NA,NA,70,0.000867485547959924,0,0,0,7,240.007,162997.233215941
"Louisiana",2017,178579.436574957,29,2437,0,0,4673673,NA,NA,NA,53,0.000521431430910977,0,0,0,70,245.12,158862.261838238
"Louisiana",2018,181119.287162196,19,2377,0,0,4664450,NA,NA,NA,0,0.00050959920247832,0,0,0,53,251.107,157280.152610002
"Louisiana",2019,187078.791972972,23,3473,0,0,4658285,NA,NA,NA,95,0.000745553352789707,0,0,0,0,255.657,159563.998100808
"Louisiana",2020,196270.393802626,110,20322,0,0,4652145,13562,14807,-4970,592,0.0043683075226589,0,0,0,95,258.811,165363.670752114
"Louisiana",2021,206340.797237312,19,2718,0,0,4628595,57077,56899,-24002,362,0.000587219231753912,0,0,0,592,270.97,166047.344290435
"Louisiana",2022,217619.982909256,12,1173,0,0,4600892,56554,56822,-28174,0,0.000254950561760633,0,0,0,362,292.655,162147.726822575
"Louisiana",2023,212905.62355931,20,1530,0,0,4598777,56694,50219,-8499,10,0.000332697149698713,0,0,0,0,304.702,152363.124137187
"Louisiana",2024,208238.340864513,25,2412,0,0,4614878,53942,49783,12081,86,0.000522657370357353,0,0,0,10,314.055,144584.928294574
"Louisiana",2025,207307.996025939,22,4772,0,0,4618189,51886,49112,513,0,0.00103330547970211,0,0,0,86,322.531,140156.302437385
"Maine",2010,176803.442955142,0,0,0,0,1327651,NA,NA,NA,7,0,0,NA,NA,NA,218.056,176803.442955142
"Maine",2011,173241.796905902,0,0,0,0,1328473,NA,NA,NA,7,0,0,0,NA,7,224.939,167940.700661572
"Maine",2012,170962.431770976,1,423,0,0,1328094,NA,NA,NA,0,0.000318501551847987,0,0,0,7,229.594,162370.898291123
"Maine",2013,173624.942127179,1,270,0,0,1328543,NA,NA,NA,6,0.000203230155139879,0,0,0,0,232.957,162519.093139439
"Maine",2014,177887.904326273,3,1145,0,0,1331217,NA,NA,NA,0,0.000860115217879579,0,0,0,6,236.736,163851.399304583
"Maine",2015,182348.198165618,3,620,0,0,1329098,NA,NA,NA,4,0.000466481779372176,0,0,0,0,237.017,167760.619277106
"Maine",2016,191783.919018427,1,210,0,0,1332348,NA,NA,NA,0,0.000157616478577669,0,0,0,4,240.007,174243.393923853
"Maine",2017,204483.30059775,8,446,0,0,1335743,NA,NA,NA,0,0.000333896565432123,0,0,0,0,245.12,181906.048446243
"Maine",2018,218053.073231787,2,272,0,0,1340123,NA,NA,NA,14,0.000202966444124905,0,0,0,0,251.107,189352.670123217
"Maine",2019,228728.260959873,6,600,0,0,1345770,NA,NA,NA,0,0.000445841414208966,0,0,0,14,255.657,195087.831242118
"Maine",2020,249330.945507243,33,2549,0,0,1364546,2994,3713,1858,623,0.00186802057241016,0,0,0,0,258.811,210068.770854127
"Maine",2021,301097.69057822,2,396,0,0,1379009,11592,16133,19113,0,0.000287162737879158,0,0,0,623,270.97,242300.468748291
"Maine",2022,346417.506499425,2,369,0,0,1391585,12056,17964,18228,3,0.000265165261194968,0,0,0,0,292.655,258114.215705314
"Maine",2023,367356.53268169,13,1046,0,0,1401992,11925,17066,15572,32,0.000746081290050157,0,0,0,3,304.702,262893.896628308
"Maine",2024,389152.218042519,5,177,0,0,1408438,11615,16801,11701,20,0.000125671133553625,0,0,0,32,314.055,270197.819036409
"Maine",2025,394118.903524743,7,4725,0,0,1414874,11783,16802,11446,0,0.00333951998552521,0,0,0,20,322.531,266454.98146532
"Maryland",2010,259637.642254731,41,6401,21,20,5788784,NA,NA,NA,34,0.00110575899878109,3.45495703415432e-06,NA,NA,NA,218.056,259637.642254731
"Maryland",2011,244831.359143781,96,5736,46,50,5840241,NA,NA,NA,45,0.000982151250265186,8.5612905357844e-06,3.45495703415432e-06,NA,34,224.939,237339.664751139
"Maryland",2012,240496.405248902,63,6964,29,34,5888375,NA,NA,NA,54,0.00118266924236313,5.77408877661494e-06,8.5612905357844e-06,3.45495703415432e-06,45,229.594,228410.516576891
"Maryland",2013,253186.388676486,30,3208,15,14,5925197,NA,NA,NA,0,0.000541416597625362,2.36279063801592e-06,5.77408877661494e-06,8.5612905357844e-06,54,232.957,236991.424036367
"Maryland",2014,266707.21826683,40,4155,18,22,5960064,NA,NA,NA,3,0.000697140164937826,3.69123553035672e-06,2.36279063801592e-06,5.77408877661494e-06,0,236.736,245662.29549537
"Maryland",2015,273334.330410793,30,3227,11,19,5988528,NA,NA,NA,0,0.000538863640614188,3.17273293203271e-06,3.69123553035672e-06,2.36279063801592e-06,3,237.017,251467.999139538
"Maryland",2016,281297.145045157,45,5135,29,16,6007014,NA,NA,NA,20,0.000854834032349517,2.66355297324095e-06,3.17273293203271e-06,3.69123553035672e-06,0,240.007,255569.755298665
"Maryland",2017,291433.114588593,43,2723,26,17,6028186,NA,NA,NA,0,0.000451711344009624,2.82008551162821e-06,2.66355297324095e-06,3.17273293203271e-06,20,245.12,259255.62677354
"Maryland",2018,301700.181831963,40,3477,16,24,6042153,NA,NA,NA,4,0.000575457125961557,3.97209405322904e-06,2.82008551162821e-06,2.66355297324095e-06,0,251.107,261990.047468014
"Maryland",2019,312139.41843233,52,5293,38,14,6054954,NA,NA,NA,0,0.000874160233091779,2.31215629383807e-06,3.97209405322904e-06,2.82008551162821e-06,4,255.657,266231.212232327
"Maryland",2020,326901.710554232,348,30085,55,293,6178387,17173,16944,-4536,48,0.00486939390491402,4.74233808921325e-05,2.31215629383807e-06,3.97209405322904e-06,0,258.811,275424.457989087
"Maryland",2021,365331.346330029,84,3402,19,65,6176035,67473,59034,-12770,3,0.000550838847253942,1.05245517552928e-05,4.74233808921325e-05,2.31215629383807e-06,48,270.97,293990.818375986
"Maryland",2022,392780.995673102,94,7098,29,65,6183257,69100,57669,-3932,0,0.0011479386996206,1.05122591540348e-05,1.05245517552928e-05,4.74233808921325e-05,3,292.655,292659.454964016
"Maryland",2023,401930.279132981,78,7002,39,39,6204927,67632,54005,8197,0,0.00112845807855596,6.28532777259104e-06,1.05122591540348e-05,1.05245517552928e-05,0,304.702,287636.145961041
"Maryland",2024,415165.726409402,76,5973,40,36,6245314,65678,54060,29008,0,0.000956397068265903,5.76432185795622e-06,6.28532777259104e-06,1.05122591540348e-05,0,314.055,288259.628529807
"Maryland",2025,423383.821990238,143,12407,51,91,6265347,65090,53646,8376,0,0.00198025743825522,1.45243352044188e-05,5.76432185795622e-06,6.28532777259104e-06,0,322.531,286240.33872063
"Massachusetts",2010,305911.470259217,0,0,0,0,6566440,NA,NA,NA,21,0,0,NA,NA,NA,218.056,305911.470259217
"Massachusetts",2011,295022.542055796,0,0,0,0,6614218,NA,NA,NA,40,0,0,0,NA,21,224.939,285995.02723191
"Massachusetts",2012,288511.124358277,0,0,0,0,6664269,NA,NA,NA,26,0,0,0,0,40,229.594,274012.307521401
"Massachusetts",2013,304364.823271007,0,0,0,0,6715158,NA,NA,NA,18,0,0,0,0,26,232.957,284896.250823898
"Massachusetts",2014,322815.539105314,0,0,0,0,6764864,NA,NA,NA,0,0,0,0,0,18,236.736,297343.307292294
"Massachusetts",2015,338497.45348907,0,0,0,0,6797484,NA,NA,NA,10,0,0,0,0,0,237.017,311418.171346413
"Massachusetts",2016,360095.948352434,0,0,0,0,6827280,NA,NA,NA,0,0,0,0,0,10,240.007,327161.633260439
"Massachusetts",2017,384088.935742775,0,0,0,0,6863560,NA,NA,NA,0,0,0,0,0,0,245.12,341681.205011123
"Massachusetts",2018,408131.340763004,0,0,0,0,6885720,NA,NA,NA,11,0,0,0,0,0,251.107,354412.611521852
"Massachusetts",2019,419613.836753931,17,896,0,0,6894883,NA,NA,NA,0,0.000129951443701075,0,0,0,11,255.657,357898.726759741
"Massachusetts",2020,441124.230440567,246,37190,0,0,6985320,17109,22152,-35955,33,0.00532402237835919,0,0,0,0,258.811,371660.343621208
"Massachusetts",2021,502310.316118063,29,1041,0,0,6996721,66440,61619,7042,1,0.000148783980381667,0,0,0,33,270.97,404221.051376316
"Massachusetts",2022,554118.387811417,45,3940,0,0,7025465,68943,63685,25643,5,0.000560816970833959,0,0,0,1,292.655,412871.261972652
"Massachusetts",2023,575591.724017654,86,6738,0,0,7073479,68137,61772,42228,14,0.000952572277375815,0,0,0,5,304.702,411914.687046339
"Massachusetts",2024,616965.773577446,75,7515,0,0,7138560,67857,61060,58762,2,0.00105273332436794,0,0,0,14,314.055,428374.293430143
"Massachusetts",2025,632935.211622826,82,7722,0,0,7154084,68055,59636,6900,0,0.00107938346823996,0,0,0,2,322.531,427913.349431921
"Michigan",2010,98869.4359272045,49,5502,32,17,9877597,NA,NA,NA,0,0.000557018068260934,1.72106636867246e-06,NA,NA,NA,218.056,98869.4359272045
"Michigan",2011,92948.8659328126,40,4202,22,18,9883053,NA,NA,NA,0,0.000425172262053032,1.82129955186925e-06,1.72106636867246e-06,NA,0,224.939,90104.685758563
"Michigan",2012,94313.4749778585,46,3859,40,6,9898289,NA,NA,NA,0,0.000389865359558607,6.06165368580368e-07,1.82129955186925e-06,1.72106636867246e-06,0,229.594,89573.8525387071
"Michigan",2013,104924.547128588,42,6309,35,7,9914802,NA,NA,NA,16,0.00063632133047135,7.06015107512989e-07,6.06165368580368e-07,1.82129955186925e-06,0,232.957,98213.0910368499
"Michigan",2014,116669.713432564,48,5722,38,10,9932033,NA,NA,NA,3,0.000576115685479499,1.00684321125393e-06,7.06015107512989e-07,6.06165368580368e-07,16,236.736,107463.719215714
"Michigan",2015,124733.030828486,33,4656,17,16,9934483,NA,NA,NA,0,0.000468670589098597,1.6105518525725e-06,1.00684321125393e-06,7.06015107512989e-07,3,237.017,114754.577816512
"Michigan",2016,133684.009217011,41,7052,17,24,9954117,NA,NA,NA,1,0.000708450583813712,2.41106267888955e-06,1.6105518525725e-06,1.00684321125393e-06,0,240.007,121457.292136581
"Michigan",2017,143749.521803511,55,6923,35,20,9976752,NA,NA,NA,4,0.000693913209429281,2.00466043457831e-06,2.41106267888955e-06,1.6105518525725e-06,1,245.12,127877.960698378
"Michigan",2018,154928.304605482,60,7063,45,15,9987286,NA,NA,NA,3,0.000707199132977668,1.50190952777361e-06,2.00466043457831e-06,2.41106267888955e-06,4,251.107,134536.458119658
"Michigan",2019,164658.823906833,66,11432,41,25,9984795,NA,NA,NA,0,0.00114494088261201,2.50380703860219e-06,1.50190952777361e-06,2.00466043457831e-06,3,255.657,140441.468474669
"Michigan",2020,175244.535530313,252,44121,56,196,10072294,26565,31059,-4487,195,0.00438043210414628,1.94593207863075e-05,2.50380703860219e-06,1.50190952777361e-06,0,258.811,147648.756967818
"Michigan",2021,201040.23230958,15,1437,12,3,10042362,102703,115213,-21246,5,0.000143093825934576,2.98734500907257e-07,1.94593207863075e-05,2.50380703860219e-06,195,270.97,161781.853697818
"Michigan",2022,221629.349425671,35,5585,19,16,10043906,104377,117925,17209,0,0.000556058569245869,1.59300574895862e-06,2.98734500907257e-07,1.94593207863075e-05,5,292.655,165135.088819136
"Michigan",2023,227290.666860165,68,11565,36,32,10062124,100955,106173,24479,0,0.00114935971768982,3.18024305802632e-06,1.59300574895862e-06,2.98734500907257e-07,0,304.702,162657.592181411
"Michigan",2024,238677.450194959,77,8215,38,39,10099962,99603,103436,42421,9,0.000813369396835354,3.86140066665597e-06,3.18024305802632e-06,1.59300574895862e-06,0,314.055,165719.539824909
"Michigan",2025,246896.194719422,80,9086,44,36,10127884,99680,104678,32502,14,0.000897127178786803,3.55454308125962e-06,3.86140066665597e-06,3.18024305802632e-06,9,322.531,166920.99871249
"Minnesota",2010,170853.271506263,0,0,0,0,5310934,NA,NA,NA,99,0,0,NA,NA,NA,218.056,170853.271506263
"Minnesota",2011,157084.347066578,0,0,0,0,5346620,NA,NA,NA,52,0,0,0,NA,99,224.939,152277.659205161
"Minnesota",2012,155426.984152387,0,0,0,0,5377500,NA,NA,NA,18,0,0,0,0,52,229.594,147616.167915245
"Minnesota",2013,170465.908853038,0,0,0,0,5414722,NA,NA,NA,23,0,0,0,0,18,232.957,159562.126147135
"Minnesota",2014,183332.731979914,0,0,0,0,5452665,NA,NA,NA,40,0,0,0,0,23,236.736,168866.594876201
"Minnesota",2015,192146.796652278,0,0,0,0,5484002,NA,NA,NA,0,0,0,0,0,40,237.017,176775.344767713
"Minnesota",2016,204951.655072831,1,10,0,0,5525360,NA,NA,NA,10,1.80983682511185e-06,0,0,0,0,240.007,186206.81104535
"Minnesota",2017,219224.9235114,9,315,0,0,5569283,NA,NA,NA,0,5.65602430330798e-05,0,0,0,10,245.12,195020.030683754
"Minnesota",2018,234078.672742989,123,8887,0,0,5608762,NA,NA,NA,31,0.00158448513236967,0,0,0,0,251.107,203268.961293971
"Minnesota",2019,246372.922748282,281,11581,0,0,5640053,NA,NA,NA,56,0.00205334949866606,0,0,0,31,255.657,210137.387369794
"Minnesota",2020,260304.701943214,211,21023,31,55,5710562,16435,12761,-1150,214,0.00368142399994957,9.63127622114951e-06,0,0,56,258.811,219314.488514512
"Minnesota",2021,292067.714895924,24,1566,20,1,5714055,62936,51365,-9447,0,0.000274061065215508,1.75007065910286e-07,9.63127622114951e-06,0,214,270.97,235033.832672789
"Minnesota",2022,317913.890981954,28,1107,23,1,5727565,64525,53415,3196,65,0.000193275851081568,1.74594264752997e-07,1.75007065910286e-07,9.63127622114951e-06,0,292.655,236876.292603786
"Minnesota",2023,320303.460874068,141,6170,127,0,5752998,62997,49962,13069,26,0.00107248429427578,0,1.74594264752997e-07,1.75007065910286e-07,65,304.702,229220.981366568
"Minnesota",2024,326240.82584842,214,3456,156,0,5797405,61344,49730,33156,32,0.000596128785206485,0,0,1.74594264752997e-07,26,314.055,226516.914302281
"Minnesota",2025,334091.250482074,203,4805,171,1,5830405,62576,50505,20786,2,0.000824127997969266,1.71514671793812e-07,0,0,32,322.531,225871.626960258
"Mississippi",2010,116812.165460683,35,2973,10,25,2970615,NA,NA,NA,18,0.0010008028640534,8.41576575894217e-06,NA,NA,NA,218.056,116812.165460683
"Mississippi",2011,114282.101431114,56,3941,18,38,2979147,NA,NA,NA,68,0.00132286187959171,1.27553289582555e-05,8.41576575894217e-06,NA,18,224.939,110785.136902284
"Mississippi",2012,113743.745041749,72,6578,37,33,2984599,NA,NA,NA,83,0.00220398117133994,1.10567617291301e-05,1.27553289582555e-05,8.41576575894217e-06,68,229.594,108027.675239003
"Mississippi",2013,113890.202573445,56,6611,26,30,2989839,NA,NA,NA,7,0.00221115585153582,1.00339851075593e-05,1.10567617291301e-05,1.27553289582555e-05,83,232.957,106605.261968325
"Mississippi",2014,117718.125881857,70,6230,33,37,2991892,NA,NA,NA,13,0.00208229441437057,1.23667565540467e-05,1.00339851075593e-05,1.10567617291301e-05,7,236.736,108429.405148749
"Mississippi",2015,126913.332573384,39,2188,13,26,2990231,NA,NA,NA,1,0.00073171604468016,8.69498042124505e-06,1.23667565540467e-05,1.00339851075593e-05,13,237.017,116760.458733432
"Mississippi",2016,132473.556749963,36,3033,19,17,2990595,NA,NA,NA,41,0.00101417945258385,5.68448753508917e-06,8.69498042124505e-06,1.23667565540467e-05,1,240.007,120357.547449324
"Mississippi",2017,134374.505548584,44,3259,18,25,2990674,NA,NA,NA,25,0.00108972091240971,8.35931967175292e-06,5.68448753508917e-06,8.69498042124505e-06,41,245.12,119538.051492747
"Mississippi",2018,137567.684262948,40,2727,23,17,2982879,NA,NA,NA,0,0.000914217438923939,5.69919195515473e-06,8.35931967175292e-06,5.68448753508917e-06,25,251.107,119460.863136597
"Mississippi",2019,142449.23956627,37,3618,18,19,2978227,NA,NA,NA,69,0.00121481673492316,6.37963459467663e-06,5.69919195515473e-06,8.35931967175292e-06,0,255.657,121498.380184632
"Mississippi",2020,149378.487116688,143,19568,30,113,2958385,8509,9674,-2041,332,0.0066144196918251,3.81965160045092e-05,6.37963459467663e-06,5.69919195515473e-06,69,258.811,125855.838379035
"Mississippi",2021,166692.882260658,18,1653,8,10,2947603,35080,41695,-4759,202,0.000560794652468463,3.3925871292708e-06,3.81965160045092e-05,6.37963459467663e-06,332,270.97,134141.724671477
"Mississippi",2022,183477.070711445,24,2485,14,10,2941237,34994,40681,-70,1,0.000844882612315839,3.39993002943999e-06,3.3925871292708e-06,3.81965160045092e-05,202,292.655,136707.98766826
"Mississippi",2023,182278.73207459,33,4237,16,17,2942470,35099,35712,2015,37,0.00143994671143631,5.77745907349948e-06,3.39993002943999e-06,3.3925871292708e-06,1,304.702,130445.389926081
"Mississippi",2024,185024.251018144,23,1840,14,9,2950172,33926,35909,9637,6,0.000623692449118221,3.05066958807825e-06,5.77745907349948e-06,3.39993002943999e-06,37,314.055,128466.822945065
"Mississippi",2025,188086.324528259,22,1935,11,11,2954160,33168,35775,6534,18,0.000655008530343651,3.72356270479595e-06,3.05066958807825e-06,5.77745907349948e-06,6,322.531,127160.959973876
"Missouri",2010,130007.529852136,21,3050,11,10,5996089,NA,NA,NA,37,0.000508664898069392,1.66775376416194e-06,NA,NA,NA,218.056,130007.529852136
"Missouri",2011,122599.473225968,33,4092,17,16,6011182,NA,NA,NA,257,0.000680731343685818,2.66170613366889e-06,1.66775376416194e-06,NA,37,224.939,118848.002052831
"Missouri",2012,120665.623891513,101,6995,80,21,6026027,NA,NA,NA,0,0.00116079798514013,3.48488315767586e-06,2.66170613366889e-06,1.66775376416194e-06,257,229.594,114601.702497835
"Missouri",2013,123897.222283468,49,4850,34,15,6042989,NA,NA,NA,46,0.000802582960187417,2.48221534078583e-06,3.48488315767586e-06,2.66170613366889e-06,0,232.957,115972.186722202
"Missouri",2014,128187.368808458,39,4231,23,16,6059130,NA,NA,NA,20,0.000698285067328148,2.64064312863398e-06,2.48221534078583e-06,3.48488315767586e-06,46,236.736,118072.557164509
"Missouri",2015,133485.819886677,43,4705,32,11,6075411,NA,NA,NA,76,0.000774433202955323,1.8105770951134e-06,2.64064312863398e-06,2.48221534078583e-06,20,237.017,122807.157044471
"Missouri",2016,140823.881151016,47,5320,25,22,6091384,NA,NA,NA,126,0.000873364739441808,3.61165869693981e-06,1.8105770951134e-06,2.64064312863398e-06,76,240.007,127944.152579991
"Missouri",2017,148571.280797543,31,3781,21,10,6111382,NA,NA,NA,55,0.000618681666438131,1.63629110404161e-06,3.61165869693981e-06,1.8105770951134e-06,126,245.12,132167.343364838
"Missouri",2018,156955.087558417,40,6273,36,4,6125986,NA,NA,NA,0,0.00102399842245803,6.52956111881418e-07,1.63629110404161e-06,3.61165869693981e-06,55,251.107,136296.473505869
"Missouri",2019,164835.301667067,26,2699,23,3,6140475,NA,NA,NA,103,0.00043954254353287,4.88561552648614e-07,6.52956111881418e-07,1.63629110404161e-06,0,255.657,140591.990598004
"Missouri",2020,175951.96674127,162,33232,18,144,6155074,17212,16738,-512,249,0.00539912274003529,2.33953320463734e-05,4.88561552648614e-07,6.52956111881418e-07,103,258.811,148244.788898982
"Missouri",2021,201944.55704065,26,4578,2,24,6172551,68744,75371,21595,21,0.000741670664203504,3.8881817258375e-06,2.33953320463734e-05,4.88561552648614e-07,249,270.97,162509.585304853
"Missouri",2022,227800.552710655,11,2065,3,3,6179285,68867,75703,14887,11,0.000334181058164496,4.85493062708711e-07,3.8881817258375e-06,2.33953320463734e-05,21,292.655,169733.226228408
"Missouri",2023,236668.141812796,34,6416,21,5,6205956,68355,68565,27255,33,0.00103384555095138,8.05677642574327e-07,4.85493062708711e-07,3.8881817258375e-06,11,304.702,169368.459449334
"Missouri",2024,246106.058168647,37,4607,12,24,6243544,67693,66472,36461,15,0.000737882202800205,3.84397066794116e-06,8.05677642574327e-07,4.85493062708711e-07,33,314.055,170877.402429582
"Missouri",2025,252985.5343027,51,5547,29,14,6270541,68377,68200,26693,80,0.000884612667391857,2.23266222164882e-06,3.84397066794116e-06,8.05677642574327e-07,15,322.531,171037.865097958
"Montana",2010,181166.916914812,0,0,0,0,990730,NA,NA,NA,3,0,0,NA,NA,NA,218.056,181166.916914812
"Montana",2011,175354.454726611,0,0,0,0,997518,NA,NA,NA,56,0,0,0,NA,3,224.939,169988.712405879
"Montana",2012,178549.540318013,0,0,0,0,1004168,NA,NA,NA,9,0,0,0,0,56,229.594,169576.724842917
"Montana",2013,188233.832580493,0,0,0,0,1014158,NA,NA,NA,17,0,0,0,0,9,232.957,176193.531841379
"Montana",2014,198654.600381722,0,0,0,0,1022657,NA,NA,NA,21,0,0,0,0,17,236.736,182979.468863361
"Montana",2015,211054.913710034,10,1192,0,0,1031495,NA,NA,NA,0,0.00115560424432498,0,0,0,21,237.017,194170.841179979
"Montana",2016,222554.036328267,6,300,0,0,1042137,NA,NA,NA,7,0.000287870020928151,0,0,0,0,240.007,202199.281460943
"Montana",2017,233016.360048787,2,160,0,0,1053862,NA,NA,NA,14,0.00015182253463926,0,0,0,7,245.12,207288.737788831
"Montana",2018,247047.485668289,2,2,0,0,1061818,NA,NA,NA,16,1.88356196636335e-06,0,0,0,14,251.107,214530.803740575
"Montana",2019,260265.714096227,0,0,0,0,1070123,NA,NA,NA,9,0,0,0,0,16,255.657,221986.883022827
"Montana",2020,281484.977782876,24,1462,0,0,1087156,2824,2535,2757,138,0.00134479320355128,0,0,0,9,258.811,237159.503712836
"Montana",2021,350653.981202207,4,316,0,0,1106416,10851,12271,21405,12,0.000285606860349091,0,0,0,138,270.97,282179.593774324
"Montana",2022,423840.281529765,0,0,0,0,1121533,11210,12991,16272,7,0,0,0,0,12,292.655,315801.597202352
"Montana",2023,425394.408223074,8,1118,0,0,1130612,11027,11433,9429,19,0.000988844979533208,0,0,0,7,304.702,304427.942972119
"Montana",2024,441815.643805594,12,2220,0,0,1137557,11294,11517,7192,17,0.00195155055966426,0,0,0,19,314.055,306763.312240444
"Montana",2025,450338.996603249,16,1308,0,0,1144694,11348,11438,7247,5,0.0011426634541633,0,0,0,17,322.531,304464.129783859
"Nebraska",2010,128606.343166089,0,0,0,0,1829591,NA,NA,NA,163,0,0,NA,NA,NA,218.056,128606.343166089
"Nebraska",2011,124860.949725234,0,0,0,0,1840914,NA,NA,NA,48,0,0,0,NA,163,224.939,121040.278712387
"Nebraska",2012,125479.632754644,0,0,0,0,1853691,NA,NA,NA,3,0,0,0,0,48,229.594,119173.788513405
"Nebraska",2013,129987.65894849,0,0,0,0,1865813,NA,NA,NA,10,0,0,0,0,3,232.957,121673.051076688
"Nebraska",2014,134579.306943706,72,1850,38,34,1879955,NA,NA,NA,30,0.00098406610796535,1.80855392815254e-05,0,0,10,236.736,123960.130081258
"Nebraska",2015,140641.280956865,120,4107,67,37,1892059,NA,NA,NA,28,0.00217065112662977,1.95554155552232e-05,1.80855392815254e-05,0,30,237.017,129390.192097318
"Nebraska",2016,148775.411886522,114,2522,91,18,1906483,NA,NA,NA,0,0.00132285470156304,9.44146892471635e-06,1.95554155552232e-05,1.80855392815254e-05,28,240.007,135168.437646933
"Nebraska",2017,156927.661513704,133,2279,105,28,1916998,NA,NA,NA,29,0.00118883796435886,1.46061706897973e-05,9.44146892471635e-06,1.95554155552232e-05,0,245.12,139601.085831561
"Nebraska",2018,166759.147653983,134,2864,108,26,1925512,NA,NA,NA,42,0.00148739659893057,1.35029020852636e-05,1.46061706897973e-05,9.44146892471635e-06,29,251.107,144810.111629054
"Nebraska",2019,176009.082869385,199,4204,179,20,1932571,NA,NA,NA,91,0.00217534051789042,1.03489082677946e-05,1.35029020852636e-05,1.46061706897973e-05,42,255.657,150122.377146593
"Nebraska",2020,187858.272739995,40,3454,9,9,1963318,6056,4464,-665,205,0.00175926671074171,4.58407654796625e-06,1.03489082677946e-05,1.35029020852636e-05,91,258.811,158276.207427785
"Nebraska",2021,212056.102349795,1,93,1,0,1964697,24399,19547,-4236,14,4.73355433433247e-05,0,4.58407654796625e-06,1.03489082677946e-05,205,270.97,170646.586168162
"Nebraska",2022,235534.90242686,4,570,3,1,1972595,24223,19432,3823,48,0.000288959467097909,5.06946433505104e-07,0,4.58407654796625e-06,14,292.655,175496.057417749
"Nebraska",2023,247553.668382147,19,1380,7,12,1988172,24579,18435,9664,1,0.000694104936595023,6.03569510082629e-06,5.06946433505104e-07,0,48,304.702,177158.5441275
"Nebraska",2024,257179.395498066,8,694,4,4,2005591,24446,18438,11542,55,0.000346032665683083,1.99442458606964e-06,6.03569510082629e-06,5.06946433505104e-07,1,314.055,178565.888983542
"Nebraska",2025,264841.604129356,14,1403,8,6,2018006,24396,18260,6233,40,0.000695240747549809,2.97323199237267e-06,1.99442458606964e-06,6.03569510082629e-06,55,322.531,179053.488905038
"Nevada",2010,149850.709122257,0,0,0,0,2702483,NA,NA,NA,1,0,0,NA,NA,NA,218.056,149850.709122257
"Nevada",2011,135301.479866496,0,0,0,0,2713114,NA,NA,NA,3,0,0,0,NA,1,224.939,131161.33482308
"Nevada",2012,132475.184522995,0,0,0,0,2744670,NA,NA,NA,2,0,0,0,0,3,229.594,125817.786337388
"Nevada",2013,162958.762290304,0,0,0,0,2776956,NA,NA,NA,1,0,0,0,0,2,232.957,152535.171168819
"Nevada",2014,192806.755611021,0,0,0,0,2818935,NA,NA,NA,1,0,0,0,0,1,236.736,177593.056829197
"Nevada",2015,209366.751309314,0,0,0,0,2868531,NA,NA,NA,0,0,0,0,0,1,237.017,192617.729207203
"Nevada",2016,226637.692617749,0,0,0,0,2919555,NA,NA,NA,4,0,0,0,0,0,240.007,205909.447230522
"Nevada",2017,247852.302606077,16,2462,13,3,2972097,NA,NA,NA,18,0.000828371348579807,1.0093883207715e-06,0,0,4,245.12,220486.625722384
"Nevada",2018,282534.883876218,23,4389,19,4,3030725,NA,NA,NA,1,0.0014481683425583,1.31981621559198e-06,1.0093883207715e-06,0,18,251.107,245347.308671254
"Nevada",2019,302736.079038187,24,5287,16,8,3090771,NA,NA,NA,3,0.00171057642251723,2.58835093250196e-06,1.31981621559198e-06,1.0093883207715e-06,1,255.657,258210.878054389
"Nevada",2020,314358.282373462,382,146026,17,360,3116851,8153,6990,10465,94,0.0468504910886019,0.000115501190143513,2.58835093250196e-06,1.31981621559198e-06,3,258.811,264856.244986603
"Nevada",2021,365573.300913351,23,1643,6,15,3148472,33340,32360,29663,2,0.000521840435614482,4.76421578467269e-06,0.000115501190143513,2.58835093250196e-06,94,270.97,294185.524980484
"Nevada",2022,438646.288112317,43,2160,29,14,3177672,33523,33461,29314,1,0.000679742906127505,4.40574105823383e-06,4.76421578467269e-06,0.000115501190143513,2,292.655,326833.489947616
"Nevada",2023,420342.691434019,41,6369,21,20,3211077,32747,29391,30469,6,0.0019834466753678,6.22843986612591e-06,4.40574105823383e-06,4.76421578467269e-06,1,304.702,300812.747941715
"Nevada",2024,440093.733476444,46,8691,27,19,3253543,31894,29163,39644,6,0.00267124178165157,5.83978757926359e-06,6.22843986612591e-06,4.40574105823383e-06,6,314.055,305567.748155385
"Nevada",2025,447112.03805882,51,3932,35,16,3282188,32511,29460,25465,3,0.00119798134658953,4.87479693424021e-06,5.83978757926359e-06,6.22843986612591e-06,6,322.531,302282.455239819
"New Hampshire",2010,212168.359429072,11,1203,5,0,1316807,NA,NA,NA,8,0.000913573515329126,0,NA,NA,NA,218.056,212168.359429072
"New Hampshire",2011,205866.379150517,9,1171,2,1,1320444,NA,NA,NA,31,0.000886822917139992,7.57321022322794e-07,0,NA,8,224.939,199566.990037499
"New Hampshire",2012,201929.730920317,12,1293,0,0,1324677,NA,NA,NA,17,0.000976087000831146,0,7.57321022322794e-07,0,31,229.594,191781.969065223
"New Hampshire",2013,207038.357574728,4,328,0,1,1327272,NA,NA,NA,11,0.000247123423081328,7.53425070369902e-07,0,7.57321022322794e-07,17,232.957,193795.233022896
"New Hampshire",2014,214829.403637996,3,211,0,3,1334257,NA,NA,NA,0,0.000158140448204506,2.24844239153327e-06,7.53425070369902e-07,0,11,236.736,197877.975633985
"New Hampshire",2015,223757.79508048,3,331,2,0,1337480,NA,NA,NA,3,0.000247480336154559,0,2.24844239153327e-06,7.53425070369902e-07,0,237.017,205857.511334921
"New Hampshire",2016,234434.436131138,5,830,1,0,1343694,NA,NA,NA,1,0.000617700160899729,0,0,2.24844239153327e-06,3,240.007,212993.101888742
"New Hampshire",2017,249150.669035433,6,296,1,0,1350395,NA,NA,NA,4,0.00021919512438953,0,0,0,1,245.12,221641.637920979
"New Hampshire",2018,265987.828419064,7,457,1,1,1355064,NA,NA,NA,10,0.000337253443379796,7.37972523806994e-07,0,0,4,251.107,230978.196202206
"New Hampshire",2019,277985.180643481,7,942,0,0,1360783,NA,NA,NA,1,0.000692248506925792,0,7.37972523806994e-07,0,10,255.657,237100.24192725
"New Hampshire",2020,299314.821902537,17,1163,1,1,1378752,2993,3492,1373,20,0.000843516455461171,7.25293598848814e-07,0,7.37972523806994e-07,1,258.811,252181.680086162
"New Hampshire",2021,355332.852208126,4,249,1,0,1387907,12067,13729,10168,3,0.000179406833454979,0,7.25293598848814e-07,0,20,270.97,285944.792490295
"New Hampshire",2022,408332.224991737,5,792,2,0,1396647,12328,14712,11294,0,0.000567072424170173,0,0,7.25293598848814e-07,3,292.655,304246.610011099
"New Hampshire",2023,435117.017238181,7,388,0,1,1401530,12098,14334,7305,11,0.000276840310232389,7.13505954207188e-07,0,0,0,304.702,311385.800916597
"New Hampshire",2024,467902.978720958,7,450,3,1,1408518,11794,14214,9453,12,0.000319484735019361,7.09966077820802e-07,7.13505954207188e-07,0,11,314.055,324876.381296197
"New Hampshire",2025,485283.281246597,4,224,2,0,1415342,11911,14078,8957,0,0.000158265634737046,0,7.09966077820802e-07,7.13505954207188e-07,12,322.531,328089.17956881
"New Jersey",2010,299120.297375202,98,12393,0,0,8799451,NA,NA,NA,30,0.0014083833184593,0,NA,NA,NA,218.056,299120.297375202
"New Jersey",2011,280825.497107927,89,14549,0,0,8828552,NA,NA,NA,76,0.00164794861037235,0,0,NA,30,224.939,272232.403439893
"New Jersey",2012,270509.232055429,98,15766,0,0,8845671,NA,NA,NA,45,0.0017823407630693,0,0,0,76,229.594,256915.080991135
"New Jersey",2013,275881.50364845,75,9284,0,0,8857821,NA,NA,NA,0,0.00104811330009943,0,0,0,45,232.957,258234.855186007
"New Jersey",2014,290029.536089034,111,24070,0,0,8867277,NA,NA,NA,0,0.00271447480438471,0,0,0,0,236.736,267144.331751109
"New Jersey",2015,296625.490593946,170,23637,0,0,8870312,NA,NA,NA,4,0.00266473152240868,0,0,0,0,237.017,272895.901884479
"New Jersey",2016,306252.494078719,55,8939,0,0,8873584,NA,NA,NA,17,0.00100737199309772,0,0,0,4,240.007,278242.692291596
"New Jersey",2017,316031.21590831,85,8346,0,0,8888147,NA,NA,NA,0,0.0009390033715689,0,0,0,17,245.12,281137.821540888
"New Jersey",2018,329594.837982072,80,10745,0,0,8891730,NA,NA,NA,6,0.00120842625675768,0,0,0,0,251.107,286213.176020655
"New Jersey",2019,342606.768548875,90,10818,0,0,8891258,NA,NA,NA,0,0.00121670071884091,0,0,0,6,255.657,292217.547427583
"New Jersey",2020,361636.754238319,228,74350,0,0,9270476,24693,34022,-10160,55,0.00802008440559039,0,0,0,0,258.811,304689.770072334
"New Jersey",2021,410688.018465561,61,11374,0,0,9266509,97972,84115,-19567,47,0.00122743095592957,0,0,0,55,270.97,330490.410578759
"New Jersey",2022,453529.243717583,29,3795,0,0,9298402,102595,82755,13857,0,0.000408134645071271,0,0,0,47,292.655,337922.717083533
"New Jersey",2023,479951.540619969,108,11842,0,0,9395315,102445,77211,72300,1,0.00126041543045656,0,0,0,0,304.702,343471.041021811
"New Jersey",2024,521912.337098413,101,15359,0,0,9506354,101187,75593,85568,0,0.00161565622319556,0,0,0,1,314.055,362376.38814326
"New Jersey",2025,546319.022077436,97,13593,0,0,9548215,100999,74976,15636,1,0.00142361687498658,0,0,0,0,322.531,369354.079695029
"New Mexico",2010,173731.78842789,0,0,0,0,2064614,NA,NA,NA,9,0,0,NA,NA,NA,218.056,173731.78842789
"New Mexico",2011,164022.579841874,0,0,0,0,2080707,NA,NA,NA,36,0,0,0,NA,9,224.939,159003.586172249
"New Mexico",2012,161420.037094529,0,0,0,0,2087715,NA,NA,NA,10,0,0,0,0,36,229.594,153308.046415344
"New Mexico",2013,163182.712571486,0,0,0,0,2092833,NA,NA,NA,40,0,0,0,0,10,232.957,152744.796561116
"New Mexico",2014,165445.334358609,0,0,0,0,2090236,NA,NA,NA,16,0,0,0,0,40,236.736,152390.628501372
"New Mexico",2015,168512.199785612,0,0,0,0,2090071,NA,NA,NA,0,0,0,0,0,16,237.017,155031.479752302
"New Mexico",2016,172715.058492875,17,2267,0,0,2092555,NA,NA,NA,3,0.00108336459495688,0,0,0,0,240.007,156918.568186437
"New Mexico",2017,177341.32811151,5,942,0,0,2092844,NA,NA,NA,2,0.000450105215677805,0,0,0,3,245.12,157760.854449589
"New Mexico",2018,184158.901441817,8,1222,0,0,2093754,NA,NA,NA,2,0.000583640676029753,0,0,0,2,251.107,159919.689267112
"New Mexico",2019,194098.263608887,11,2144,0,0,2099634,NA,NA,NA,1,0.0010211303493847,0,0,0,2,255.657,165551.074171642
"New Mexico",2020,209402.088790147,28,3584,0,0,2118446,5331,5559,877,151,0.00169180616357462,0,0,0,1,258.811,176427.516114942
"New Mexico",2021,241866.749125381,7,874,0,0,2117300,21417,24722,1282,1,0.000412789873896,0,0,0,151,270.97,194635.922232291
"New Mexico",2022,276369.798283861,12,791,0,0,2112859,21427,25472,211,13,0.000374374248352588,0,0,0,1,292.655,205921.965230683
"New Mexico",2023,288598.540403812,16,1070,0,0,2119349,21582,22367,7520,3,0.000504872014944212,0,0,0,13,304.702,206531.769815406
"New Mexico",2024,301175.921019177,6,1143,0,0,2126774,20942,22167,8703,14,0.000537433690650723,0,0,0,3,314.055,209113.743241654
"New Mexico",2025,307668.126259693,5,830,0,0,2125498,20235,22120,612,12,0.000390496721238976,0,0,0,14,322.531,208007.543273929
"New York",2010,258251.596130394,287,31404,174,113,19399956,NA,NA,NA,12,0.00161876655802725,5.82475547882686e-06,NA,NA,NA,218.056,258251.596130394
"New York",2011,252151.103806767,467,32790,308,160,19499921,NA,NA,NA,112,0.00168154527395265,8.2051614465515e-06,5.82475547882686e-06,NA,12,224.939,244435.429568409
"New York",2012,249070.688406476,388,25890,257,135,19574362,NA,NA,NA,76,0.00132264847252748,6.89677650796486e-06,8.2051614465515e-06,5.82475547882686e-06,112,229.594,236553.908338905
"New York",2013,254591.467832928,371,33414,292,79,19626488,NA,NA,NA,17,0.0017024951178224,4.02517251176064e-06,6.89677650796486e-06,8.2051614465515e-06,76,232.957,238306.627874574
"New York",2014,263955.725623154,473,28452,282,191,19653431,NA,NA,NA,20,0.00144768615719057,9.71840489327283e-06,4.02517251176064e-06,6.89677650796486e-06,17,236.736,243127.91339924
"New York",2015,272446.47309337,506,49246,327,179,19657321,NA,NA,NA,0,0.00250522438942723,9.10602212783726e-06,9.71840489327283e-06,4.02517251176064e-06,20,237.017,250651.169058961
"New York",2016,284748.581836557,366,21603,234,132,19636391,NA,NA,NA,0,0.00110015124469665,6.72221285469412e-06,9.10602212783726e-06,9.71840489327283e-06,0,240.007,258705.52425951
"New York",2017,300864.017346458,355,24600,260,95,19593849,NA,NA,NA,36,0.00125549604878551,4.84846035100097e-06,6.72221285469412e-06,9.10602212783726e-06,0,245.12,267645.251984739
"New York",2018,320088.619549397,432,25978,331,103,19544098,NA,NA,NA,7,0.00132919922935303,5.27013321361774e-06,4.84846035100097e-06,6.72221285469412e-06,36,251.107,277958.177288818
"New York",2019,337015.508417807,415,26221,311,112,19463131,NA,NA,NA,18,0.00134721386810786,5.75446982296939e-06,5.27013321361774e-06,4.84846035100097e-06,7,255.657,287448.627276207
"New York",2020,353588.314120703,2031,218891,959,1093,20122262,53088,72825,-58903,137,0.010878051384084,5.43179489462964e-05,5.75446982296939e-06,5.27013321361774e-06,18,258.811,297908.718809881
"New York",2021,391937.545935101,0,0,0,0,19835345,205539,177237,-297418,63,0,0,5.43179489462964e-05,5.75446982296939e-06,137,270.97,315401.459631784
"New York",2022,427218.214073203,0,0,0,0,19713025,209944,176586,-163340,13,0,0,0,5.43179489462964e-05,63,292.655,318318.480422157
"New York",2023,436144.430107015,0,0,0,0,19786543,205879,166689,33531,14,0,0,0,0,13,304.702,312121.055494927
"New York",2024,464834.506312419,0,0,0,0,20001419,205405,161811,171406,25,0,0,0,0,14,314.055,322745.866515295
"New York",2025,487386.484554113,0,0,0,0,20002427,203078,160263,-41952,0,0,0,0,0,25,322.531,329511.108314958
"North Carolina",2010,158965.436031198,0,0,0,0,9574586,NA,NA,NA,58,0,0,NA,NA,NA,218.056,158965.436031198
"North Carolina",2011,151844.888923751,0,0,0,0,9658913,NA,NA,NA,94,0,0,0,NA,58,224.939,147198.525374245
"North Carolina",2012,148885.64530034,96,6472,69,27,9751810,NA,NA,NA,0,0.000663671667105901,2.76871678180768e-06,0,0,94,229.594,141403.557025057
"North Carolina",2013,151531.64223512,85,9985,54,31,9846717,NA,NA,NA,21,0.00101404356396147,3.14825743443221e-06,2.76871678180768e-06,0,0,232.957,141838.982212259
"North Carolina",2014,156622.481607942,59,8103,39,20,9937295,NA,NA,NA,9,0.000815413047514439,2.01262013455372e-06,3.14825743443221e-06,2.76871678180768e-06,21,236.736,144263.955839
"North Carolina",2015,162083.570040395,48,6364,26,22,10037218,NA,NA,NA,0,0.000634040229075427,2.19184240095214e-06,2.01262013455372e-06,3.14825743443221e-06,9,237.017,149117.130622396
"North Carolina",2016,170660.754624452,80,12151,38,42,10161802,NA,NA,NA,120,0.00119575248563198,4.13312520751733e-06,2.19184240095214e-06,2.01262013455372e-06,0,240.007,155052.150605563
"North Carolina",2017,180848.063788062,57,8249,39,18,10275758,NA,NA,NA,0,0.000802763163554455,1.7516955926755e-06,4.13312520751733e-06,2.19184240095214e-06,120,245.12,160880.407136788
"North Carolina",2018,193075.18042137,106,10496,57,49,10391358,NA,NA,NA,155,0.00101007009863388,4.71545682479614e-06,1.7516955926755e-06,4.13312520751733e-06,0,251.107,167662.397073607
"North Carolina",2019,204918.416581445,74,8706,41,33,10501384,NA,NA,NA,150,0.00082903358262111,3.14244293894976e-06,4.71545682479614e-06,1.7516955926755e-06,155,255.657,174779.842703637
"North Carolina",2020,220620.570943307,369,30345,56,313,10450215,28679,25884,9468,343,0.00290376800860078,2.99515368822555e-05,3.14244293894976e-06,4.71545682479614e-06,150,258.811,185879.422503733
"North Carolina",2021,259788.73480296,53,5140,21,32,10565503,116720,115540,113553,30,0.0004864889063966,3.02872470908389e-06,2.99515368822555e-05,3.14244293894976e-06,343,270.97,209058.17011549
"North Carolina",2022,308352.541594547,41,6116,23,18,10705768,121548,118289,136268,101,0.000571280827307298,1.68133664021115e-06,3.02872470908389e-06,2.99515368822555e-05,30,292.655,229752.17170368
"North Carolina",2023,319954.183448355,99,8643,58,41,10871849,121274,108957,152700,0,0.000794988966458235,3.77120763910536e-06,1.68133664021115e-06,3.02872470908389e-06,101,304.702,228971.025546319
"North Carolina",2024,331174.718243149,70,6413,46,24,11052061,121444,107905,165958,221,0.00058025376443362,2.17154067463073e-06,3.77120763910536e-06,1.68133664021115e-06,0,314.055,229942.635402169
"North Carolina",2025,331473.638208225,89,8555,55,34,11197968,123046,107917,130954,12,0.00076397789313204,3.0362651509631e-06,2.17154067463073e-06,3.77120763910536e-06,221,322.531,224101.917809863
"North Dakota",2010,160727.808363441,0,0,0,0,674752,NA,NA,NA,88,0,0,NA,NA,NA,218.056,160727.808363441
"North Dakota",2011,162788.592706568,0,0,0,0,685526,NA,NA,NA,79,0,0,0,NA,88,224.939,157807.358311468
"North Dakota",2012,169683.786398061,0,0,0,0,702227,NA,NA,NA,0,0,0,0,0,79,229.594,161156.509868793
"North Dakota",2013,189905.875975679,0,0,0,0,723149,NA,NA,NA,52,0,0,0,0,0,232.957,177758.623659099
"North Dakota",2014,202463.847170991,0,0,0,0,738736,NA,NA,NA,10,0,0,0,0,52,236.736,186488.14146863
"North Dakota",2015,218636.581544493,14,832,0,0,755537,NA,NA,NA,0,0.00110120351485103,0,0,0,10,237.017,201145.987103313
"North Dakota",2016,223258.972112844,20,1750,0,0,756114,NA,NA,NA,0,0.00231446580806598,0,0,0,0,240.007,202839.743936795
"North Dakota",2017,219734.766686109,8,1774,0,0,756755,NA,NA,NA,11,0.00234421972765294,0,0,0,0,245.12,195473.581447888
"North Dakota",2018,215855.102897404,2,134,0,0,760062,NA,NA,NA,0,0.000176301406990482,0,0,0,11,251.107,187443.999240946
"North Dakota",2019,218084.29532468,4,386,0,0,763724,NA,NA,NA,19,0.000505418187722266,0,0,0,0,255.657,186009.337124813
"North Dakota",2020,225002.719952964,32,4460,0,0,779612,2560,1768,-417,161,0.00572079444646824,0,0,0,19,258.811,189571.513969899
"North Dakota",2021,235611.336596307,0,0,0,0,777977,10010,7831,-3425,9,0,0,0,0,161,270.97,189602.043077995
"North Dakota",2022,252302.683589801,2,608,0,0,780191,9761,7368,-190,40,0.000779296351790779,0,0,0,9,292.655,187989.66008733
"North Dakota",2023,254876.184848991,10,260,0,0,787071,9729,6936,4088,28,0.000330338686090581,0,0,0,40,304.702,182398.807239308
"North Dakota",2024,258110.399671437,4,12,0,0,793387,9583,6905,3660,17,1.51250272565595e-05,0,0,0,28,314.055,179212.307751046
"North Dakota",2025,269849.271279535,8,404,2,2,799358,9760,7130,3322,26,0.000505405587984357,2.5020078613087e-06,0,0,17,322.531,182439.060735651
"Ohio",2010,114916.863683061,90,11354,0,0,11539449,NA,NA,NA,0,0.000983929128678501,0,NA,NA,NA,218.056,114916.863683061
"Ohio",2011,109508.910708148,66,10161,0,0,11545735,NA,NA,NA,21,0.000880065236210601,0,0,NA,0,224.939,106158.002984702
"Ohio",2012,107578.641336459,92,12590,0,0,11550971,NA,NA,NA,127,0.00108995165860948,0,0,0,21,229.594,102172.392202161
"Ohio",2013,110683.969805518,68,10378,0,0,11579692,NA,NA,NA,2,0.00089622418281937,0,0,0,127,232.957,103604.114578708
"Ohio",2014,114512.551467719,68,8597,0,0,11606573,NA,NA,NA,0,0.000740700980384132,0,0,0,2,236.736,105476.771267762
"Ohio",2015,119213.98744593,64,8649,0,0,11622315,NA,NA,NA,0,0.000744171879698666,0,0,0,0,237.017,109677.049521805
"Ohio",2016,125287.928097258,104,10286,0,0,11640060,NA,NA,NA,0,0.000883672420932538,0,0,0,0,240.007,113829.115189039
"Ohio",2017,131416.39557004,96,13181,0,0,11665706,NA,NA,NA,0,0.00112989303862107,0,0,0,0,245.12,116906.55006699
"Ohio",2018,139645.949113074,71,12362,0,0,11680892,NA,NA,NA,22,0.00105830958800064,0,0,0,0,251.107,121265.584311869
"Ohio",2019,148249.208819082,99,12892,0,0,11696507,NA,NA,NA,33,0.00110220940320046,0,0,0,22,255.657,126445.313362254
"Ohio",2020,158820.667399373,368,54279,0,0,11798534,32332,33790,-2232,176,0.0046004868062422,0,0,0,33,258.811,133811.157371355
"Ohio",2021,181228.689375208,47,4057,0,0,11761443,128188,146978,-23201,0,0.000344940667569447,0,0,0,176,270.97,145839.034175003
"Ohio",2022,200344.925640049,54,6615,0,0,11764950,128825,149201,28796,0,0.000562263333035839,0,0,0,0,292.655,149276.154876447
"Ohio",2023,209395.760749994,82,8003,0,0,11808390,128738,131764,48161,0,0.00067773845545413,0,0,0,0,304.702,149851.336735895
"Ohio",2024,222289.432313419,94,12526,0,0,11860621,126625,127985,54516,11,0.00105609984502498,0,0,0,0,314.055,154340.941722102
"Ohio",2025,231670.807349897,90,13154,47,33,11900510,126825,127554,40431,0,0.00110533077994136,2.77299040125171e-06,0,0,11,322.531,156627.454624483
"Oklahoma",2010,112649.889715855,17,2663,0,0,3760014,NA,NA,NA,204,0.000708242043779624,0,NA,NA,NA,218.056,112649.889715855
"Oklahoma",2011,109851.233983028,14,1772,0,0,3788824,NA,NA,NA,146,0.000467691294185214,0,0,NA,204,224.939,106489.851370385
"Oklahoma",2012,109730.412262021,18,2953,0,0,3819320,NA,NA,NA,15,0.000773174282332981,0,0,0,146,229.594,104216.028189792
"Oklahoma",2013,112809.591653977,16,3198,0,0,3853891,NA,NA,NA,38,0.000829810703001201,0,0,0,15,232.957,105593.771887943
"Oklahoma",2014,116711.017992494,17,2190,0,0,3879187,NA,NA,NA,5,0.000564551283555034,0,0,0,38,236.736,107501.764578988
"Oklahoma",2015,121505.639791071,27,3819,0,0,3910518,NA,NA,NA,86,0.000976596962346165,0,0,0,5,237.017,111785.373160076
"Oklahoma",2016,125066.551768562,25,3454,0,0,3928143,NA,NA,NA,53,0.000879295891213736,0,0,0,86,240.007,113627.985902268
"Oklahoma",2017,128478.848882495,20,2076,0,0,3933602,NA,NA,NA,55,0.000527760561439617,0,0,0,53,245.12,114293.341514039
"Oklahoma",2018,133165.640469618,10,1223,0,0,3943488,NA,NA,NA,8,0.00031013153837415,0,0,0,55,251.107,115638.221547958
"Oklahoma",2019,138796.509167669,24,3126,0,0,3960676,NA,NA,NA,83,0.000789259207266638,0,0,0,8,255.657,118382.878634519
"Oklahoma",2020,148878.040606915,83,9578,0,0,3965243,11614,10355,4026,269,0.00241548878593317,0,0,0,83,258.811,125434.197242704
"Oklahoma",2021,169104.248852356,15,1611,0,0,3992760,47619,50871,29100,155,0.000403480299341809,0,0,0,269,270.97,136082.208686383
"Oklahoma",2022,192354.852149275,20,1688,0,0,4025327,48353,51596,36783,8,0.000419344813477265,0,0,0,155,292.655,143322.78498663
"Oklahoma",2023,200934.918780075,14,853,0,0,4062716,48864,45126,33875,32,0.00020995806746029,0,0,0,8,304.702,143796.44587009
"Oklahoma",2024,207918.488935163,9,1290,0,0,4097758,47829,44917,32242,41,0.000314806291635572,0,0,0,32,314.055,144362.847345993
"Oklahoma",2025,212565.80930115,0,0,0,0,4123288,48603,46044,22912,36,0,0,0,0,41,322.531,143710.992471953
"Oregon",2010,221969.543638549,6,841,4,0,3837614,NA,NA,NA,0,0.000219146584309938,0,NA,NA,NA,218.056,221969.543638549
"Oregon",2011,203546.457278771,12,949,8,3,3872672,NA,NA,NA,9,0.0002450504457904,7.74658943489146e-07,0,NA,0,224.939,197318.0563992
"Oregon",2012,198651.167539657,23,1594,20,2,3900102,NA,NA,NA,12,0.000408707259451163,5.12807100942488e-07,7.74658943489146e-07,0,9,229.594,188668.166367707
"Oregon",2013,216235.317491529,36,4339,21,10,3924110,NA,NA,NA,6,0.0011057284326892,2.54834854272689e-06,5.12807100942488e-07,7.74658943489146e-07,12,232.957,202403.913129603
"Oregon",2014,236798.946993079,18,930,7,9,3965447,NA,NA,NA,10,0.00023452589329778,2.26960541901077e-06,2.54834854272689e-06,5.12807100942488e-07,6,236.736,218113.980068612
"Oregon",2015,258679.705701859,23,2823,13,10,4018542,NA,NA,NA,6,0.000702493590959109,2.48846472178218e-06,2.26960541901077e-06,2.54834854272689e-06,10,237.017,237985.722148726
"Oregon",2016,291387.966123232,53,4152,18,31,4093271,NA,NA,NA,16,0.0010143476940569,7.57340523019365e-06,2.48846472178218e-06,2.26960541901077e-06,6,240.007,264737.671571943
"Oregon",2017,319503.849176881,38,4312,16,22,4147294,NA,NA,NA,11,0.00103971408827057,5.30466371566617e-06,7.57340523019365e-06,2.48846472178218e-06,16,245.12,284227.03710882
"Oregon",2018,341653.630594517,50,2444,33,16,4183538,NA,NA,NA,8,0.000584194526259831,3.82451408353408e-06,5.30466371566617e-06,7.57340523019365e-06,11,251.107,296684.776103088
"Oregon",2019,355000.540152072,38,3214,29,2,4216116,NA,NA,NA,12,0.000762312991388282,4.74370249774911e-07,3.82451408353408e-06,5.30466371566617e-06,8,255.657,302788.493111474
"Oregon",2020,376712.627650806,182,20577,22,94,4243544,10277,9543,5661,139,0.00484901299479869,2.21512961807395e-05,4.74370249774911e-07,3.82451408353408e-06,12,258.811,317391.643844443
"Oregon",2021,441227.223300299,20,2721,7,9,4254691,39632,41866,12280,11,0.000639529404132991,2.11531225181805e-06,2.21512961807395e-05,4.74370249774911e-07,139,270.97,355066.03463103
"Oregon",2022,493165.618262129,15,1760,5,10,4245964,40461,46314,-2046,2,0.000414511286482881,2.35517776410728e-06,2.11531225181805e-06,2.21512961807395e-05,11,292.655,367455.611746824
"Oregon",2023,484098.031064289,39,3025,26,11,4250392,38822,43482,9463,4,0.000711699062110036,2.58799658949104e-06,2.35517776410728e-06,2.11531225181805e-06,2,304.702,346438.422661337
"Oregon",2024,490671.861951335,34,5438,11,17,4265324,38840,42526,18844,33,0.00127493245530703,3.98562922769759e-06,2.58799658949104e-06,2.35517776410728e-06,4,314.055,340685.36889927
"Oregon",2025,491936.287602988,51,8114,14,35,4273586,38334,42098,11864,15,0.00189863969041456,8.18984337743525e-06,3.98562922769759e-06,2.58799658949104e-06,33,322.531,332587.128460697
"Pennsylvania",2010,161381.36712488,96,11668,49,46,12711406,NA,NA,NA,27,0.000917915767933146,3.61879716531751e-06,NA,NA,NA,218.056,161381.36712488
"Pennsylvania",2011,154897.774542743,159,14198,6,7,12747052,NA,NA,NA,108,0.00111382616153131,5.491465791463e-07,3.61879716531751e-06,NA,27,224.939,150157.994503809
"Pennsylvania",2012,152808.113731496,131,13869,0,0,12769123,NA,NA,NA,68,0.00108613567274745,0,5.491465791463e-07,3.61879716531751e-06,108,229.594,145128.906015989
"Pennsylvania",2013,154216.46691312,82,9905,0,0,12779538,NA,NA,NA,29,0.000775067142489815,0,0,5.491465791463e-07,68,232.957,144352.073168899
"Pennsylvania",2014,156656.489830195,116,14250,0,0,12792392,NA,NA,NA,7,0.0011139433500787,0,0,0,29,236.736,144295.280592782
"Pennsylvania",2015,159410.729873192,115,15120,0,0,12789838,NA,NA,NA,0,0.00118218854687604,0,0,0,7,237.017,146658.11360885
"Pennsylvania",2016,164363.16892031,105,13876,0,0,12788468,NA,NA,NA,27,0.001085040053273,0,0,0,0,240.007,149330.541034582
"Pennsylvania",2017,170438.014785677,105,9355,32,18,12794679,NA,NA,NA,0,0.00073116332187779,1.40683482563337e-06,0,0,27,245.12,151619.744419491
"Pennsylvania",2018,178635.433697765,138,13930,100,37,12809107,NA,NA,NA,11,0.00108750750540221,2.88856982770149e-06,1.40683482563337e-06,0,0,251.107,155123.226873006
"Pennsylvania",2019,186177.52626185,102,15987,75,26,12798883,NA,NA,NA,0,0.00124909337791431,2.03142727377069e-06,2.88856982770149e-06,1.40683482563337e-06,11,255.657,158795.286913928
"Pennsylvania",2020,198677.630602238,425,68967,165,260,12995576,32886,40353,-2918,134,0.00530695984541201,2.00068084708211e-05,2.03142727377069e-06,2.88856982770149e-06,0,258.811,167391.839676836
"Pennsylvania",2021,224325.4054693,56,8341,36,19,13016628,130148,155831,38797,13,0.000640795757549497,1.45967142949772e-06,2.00068084708211e-05,2.03142727377069e-06,134,270.97,180519.986031715
"Pennsylvania",2022,245049.094449348,47,8400,25,22,12984655,131590,155234,-3439,0,0.000646917457568183,1.69430762696429e-06,1.45967142949772e-06,2.00068084708211e-05,13,292.655,182585.041565143
"Pennsylvania",2023,253503.00379943,62,8208,35,27,13009406,129053,141231,38794,0,0.000630928114627217,2.07542142969479e-06,1.69430762696429e-06,1.45967142949772e-06,0,304.702,181416.108185993
"Pennsylvania",2024,265245.583008262,84,10102,56,28,13045848,127537,137190,47212,13,0.000774345983488387,2.14627673111016e-06,2.07542142969479e-06,1.69430762696429e-06,0,314.055,184166.438516978
"Pennsylvania",2025,273997.613518477,96,15846,57,39,13059432,126981,137689,23985,0,0.00121337589567448,2.98634733884291e-06,2.14627673111016e-06,2.07542142969479e-06,13,322.531,185243.662201106
"Rhode Island",2010,229443.109118414,5,391,2,0,1053994,NA,NA,NA,10,0.000370969853718332,0,NA,NA,NA,218.056,229443.109118414
"Rhode Island",2011,218395.846253911,8,479,6,0,1053829,NA,NA,NA,11,0.000454532946047224,0,0,NA,10,224.939,211713.062878126
"Rhode Island",2012,208211.445322844,3,271,3,0,1054893,NA,NA,NA,9,0.000256898092981942,0,0,0,11,229.594,197748.002653894
"Rhode Island",2013,213792.935816701,5,132,4,0,1055560,NA,NA,NA,5,0.000125052105043768,0,0,0,9,232.957,200117.75740779
"Rhode Island",2014,222978.762796579,4,311,2,0,1056511,NA,NA,NA,0,0.000294365132024181,0,0,0,5,236.736,205384.297700269
"Rhode Island",2015,230492.773914911,3,417,1,0,1056886,NA,NA,NA,5,0.000394555325739957,0,0,0,0,237.017,212053.702092212
"Rhode Island",2016,244793.190377609,7,793,5,0,1057816,NA,NA,NA,0,0.000749657785474979,0,0,0,5,240.007,222404.446207735
"Rhode Island",2017,262686.971002728,1,171,1,0,1056554,NA,NA,NA,0,0.000161846909859789,0,0,0,0,245.12,233683.380176937
"Rhode Island",2018,280918.853045635,7,1096,6,0,1059338,NA,NA,NA,0,0.0010346084063821,0,0,0,0,251.107,243943.981727786
"Rhode Island",2019,291008.460736765,4,303,4,0,1058158,NA,NA,NA,0,0.000286346651445247,0,0,0,0,255.657,248208.110532534
"Rhode Island",2020,310113.261322293,23,3170,2,0,1096487,2544,3379,-317,13,0.00289105114789323,0,0,0,0,258.811,261279.687922437
"Rhode Island",2021,360208.041788154,2,558,1,0,1097381,10025,11305,1475,6,0.000508483379974685,0,0,0,13,270.97,289867.973429375
"Rhode Island",2022,403728.107891143,3,276,0,0,1098275,10449,11068,1956,6,0.000251303179986797,0,0,0,6,292.655,300816.101875284
"Rhode Island",2023,425058.016313352,8,1171,6,0,1101183,10049,10543,3592,1,0.0010634018142307,0,0,0,6,304.702,304187.208502814
"Rhode Island",2024,458295.640341361,13,2112,3,8,1110415,9908,10299,9699,8,0.00190199159773598,7.20451362778781e-06,0,0,1,314.055,318205.77335268
"Rhode Island",2025,478911.033344899,9,1548,3,6,1114521,10021,10325,4372,0,0.00138893748973774,5.38347864239436e-06,7.20451362778781e-06,0,8,322.531,323781.045192727
"South Carolina",2010,148129.367582694,0,0,0,0,4635846,NA,NA,NA,0,0,0,NA,NA,NA,218.056,148129.367582694
"South Carolina",2011,140388.667061581,0,0,0,0,4672655,NA,NA,NA,0,0,0,0,NA,0,224.939,136092.85710695
"South Carolina",2012,139287.691273098,169,6213,101,68,4719027,NA,NA,NA,0,0.00131658496550242,1.44097501455279e-05,0,0,0,229.594,132287.937874015
"South Carolina",2013,143058.690161823,30,4251,15,13,4766469,NA,NA,NA,0,0.000891855165742188,2.72738582795776e-06,1.44097501455279e-05,0,0,232.957,133907.99908106
"South Carolina",2014,148655.471657365,21,2500,15,6,4826858,NA,NA,NA,68,0.000517935269693038,1.24304464726329e-06,2.72738582795776e-06,1.44097501455279e-05,0,236.736,136925.594450014
"South Carolina",2015,154605.087644812,32,4275,24,8,4896006,NA,NA,NA,83,0.000873160694656011,1.63398492567207e-06,1.24304464726329e-06,2.72738582795776e-06,68,237.017,142236.915459554
"South Carolina",2016,163532.423653674,32,2625,29,3,4963031,NA,NA,NA,75,0.000528910659635211,6.04469325297384e-07,1.63398492567207e-06,1.24304464726329e-06,83,240.007,148575.775590818
"South Carolina",2017,171373.286970904,26,8005,18,8,5027102,NA,NA,NA,94,0.00159236872456537,1.59137411574303e-06,6.04469325297384e-07,1.63398492567207e-06,75,245.12,152451.752055024
"South Carolina",2018,181360.64837812,31,5123,19,12,5091702,NA,NA,NA,66,0.00100614686405449,2.35677578931367e-06,1.59137411574303e-06,6.04469325297384e-07,94,251.107,157489.74557754
"South Carolina",2019,190856.911092138,49,6185,22,27,5157702,NA,NA,NA,59,0.00119917746314153,5.23488949148283e-06,2.35677578931367e-06,1.59137411574303e-06,66,255.657,162786.446704401
"South Carolina",2020,203911.354740968,149,22592,26,123,5131992,13527,14085,15127,114,0.00440218924737217,2.3967301585817e-05,5.23488949148283e-06,2.35677578931367e-06,59,258.811,171801.408631768
"South Carolina",2021,234710.957284234,29,3390,15,14,5194346,55879,65049,72432,0,0.000652632689466585,2.69523824558472e-06,2.3967301585817e-05,5.23488949148283e-06,114,270.97,188877.48644341
"South Carolina",2022,277321.280283495,43,5126,29,14,5288957,57655,64806,98706,92,0.00096918919930716,2.64702473474449e-06,2.69523824558472e-06,2.3967301585817e-05,0,292.655,206630.910435488
"South Carolina",2023,289604.329117124,48,4471,25,23,5390798,58198,59063,101204,46,0.000829376281582059,4.26652974197883e-06,2.64702473474449e-06,2.69523824558472e-06,92,304.702,207251.549349737
"South Carolina",2024,298849.597162303,50,5131,24,26,5490316,58035,58560,99127,140,0.000934554586657671,4.73561084644308e-06,4.26652974197883e-06,2.64702473474449e-06,46,314.055,207498.52019176
"South Carolina",2025,299373.851512301,41,5439,20,21,5570274,59681,59117,79552,7,0.000976433116216545,3.77001203172411e-06,4.73561084644308e-06,4.26652974197883e-06,140,322.531,202399.969507943
"South Dakota",2010,143120.335420479,2,84,0,0,816193,NA,NA,NA,108,0.000102916834621223,0,NA,NA,NA,218.056,143120.335420479
"South Dakota",2011,142698.648392199,3,419,0,0,823740,NA,NA,NA,40,0.000508655643771093,0,0,NA,108,224.939,138332.154378784
"South Dakota",2012,148202.254916779,6,434,0,0,833859,NA,NA,NA,2,0.000520471686460181,0,0,0,40,229.594,140754.5096916
"South Dakota",2013,156904.590257053,4,328,0,0,842751,NA,NA,NA,38,0.000389201555382313,0,0,0,2,232.957,146868.251793644
"South Dakota",2014,161572.769506295,2,977,0,0,849670,NA,NA,NA,13,0.00114985818023468,0,0,0,38,236.736,148823.634037344
"South Dakota",2015,168641.13728555,2,290,0,0,854663,NA,NA,NA,15,0.000339315028262602,0,0,0,13,237.017,155150.102448086
"South Dakota",2016,176696.572611192,1,63,0,0,863693,NA,NA,NA,0,7.2942584923115e-05,0,0,0,15,240.007,160535.933690709
"South Dakota",2017,184183.38693606,1,58,0,0,873732,NA,NA,NA,28,6.63819111581126e-05,0,0,0,0,245.12,163847.473163061
"South Dakota",2018,192918.921409563,6,926,0,0,879386,NA,NA,NA,1,0.0010530074392815,0,0,0,28,251.107,167526.70505754
"South Dakota",2019,202495.754457923,2,164,0,0,887127,NA,NA,NA,123,0.000184866428369332,0,0,0,1,255.657,172713.495949952
"South Dakota",2020,215192.630209382,7,804,0,0,887808,2841,2054,362,286,0.000905601211072664,0,0,0,123,258.811,181306.220264738
"South Dakota",2021,244860.799336855,1,300,0,0,896303,11064,9872,7278,2,0.000334708240405309,0,0,0,286,270.97,197045.305606515
"South Dakota",2022,282799.230880124,5,662,0,0,909156,11244,9282,10548,28,0.000728147864612894,0,0,0,2,292.655,210712.508205212
"South Dakota",2023,291021.628556524,5,612,3,0,917739,11183,8586,5875,30,0.000666856263055182,0,0,0,28,304.702,208265.821151556
"South Dakota",2024,297749.049051851,6,651,5,1,927110,11309,8687,6684,26,0.000702182049594978,1.07862065990012e-06,0,0,30,314.055,206734.382958559
"South Dakota",2025,305392.878172444,5,414,3,2,935094,11299,8694,5352,1,0.000442736238281927,2.13882240715907e-06,1.07862065990012e-06,0,26,322.531,206469.298897689
"Tennessee",2010,140490.842186848,0,0,0,0,6355518,NA,NA,NA,59,0,0,NA,NA,NA,218.056,140490.842186848
"Tennessee",2011,135807.229409714,4,313,2,1,6400298,NA,NA,NA,103,4.89039729087614e-05,1.5624272494812e-07,0,NA,59,224.939,131651.608730209
"Tennessee",2012,135325.921937039,160,9445,52,98,6455752,NA,NA,NA,10,0.00146303637438365,1.51802609517838e-05,1.5624272494812e-07,0,103,229.594,128525.263002966
"Tennessee",2013,138842.911919116,103,9769,36,66,6496943,NA,NA,NA,0,0.00150363024579406,1.0158623832778e-05,1.51802609517838e-05,1.5624272494812e-07,10,232.957,129961.881383409
"Tennessee",2014,144992.555619572,71,3931,25,46,6544617,NA,NA,NA,33,0.00060064630214419,7.02867715559215e-06,1.0158623832778e-05,1.51802609517838e-05,0,236.736,133551.706154457
"Tennessee",2015,152522.919584739,72,8592,42,30,6595354,NA,NA,NA,45,0.00130273522846537,4.54865652397127e-06,7.02867715559215e-06,1.0158623832778e-05,33,237.017,140321.317681727
"Tennessee",2016,163303.750603556,55,8523,34,21,6651277,NA,NA,NA,7,0.001281408066451,3.1572884425051e-06,4.54865652397127e-06,7.02867715559215e-06,45,240.007,148368.016939544
"Tennessee",2017,175650.576081537,46,6430,23,22,6714748,NA,NA,NA,14,0.000957593643127039,3.27637016310962e-06,3.1572884425051e-06,4.54865652397127e-06,7,245.12,156256.780426059
"Tennessee",2018,188503.862885074,39,4631,1,0,6778180,NA,NA,NA,0,0.000683221749791242,0,3.27637016310962e-06,3.1572884425051e-06,14,251.107,163692.761752033
"Tennessee",2019,201696.827947021,31,3830,0,0,6830325,NA,NA,NA,69,0.000560734664895155,0,0,3.27637016310962e-06,0,255.657,172032.072326655
"Tennessee",2020,218815.912370759,275,37579,0,0,6927736,19280,18918,14936,225,0.00542442725877545,0,0,0,69,258.811,184358.943738552
"Tennessee",2021,254962.547458808,21,2218,0,0,6966687,79603,89394,49512,51,0.000318372276521107,0,0,0,225,270.97,205174.42244041
"Tennessee",2022,303684.15948814,13,2232,0,0,7063325,82228,91620,102443,21,0.00031599848513271,0,0,0,51,292.655,226273.779984439
"Tennessee",2023,313546.841510725,50,4837,0,0,7153029,83201,81142,86526,95,0.000676217026381411,0,0,0,21,304.702,224385.695113464
"Tennessee",2024,324905.32644882,55,6797,1,2,7251291,83396,80107,94472,34,0.000937350328376009,2.75812955237902e-07,0,0,95,314.055,225589.644693203
"Tennessee",2025,326764.617649906,51,8307,29,22,7315076,84408,80811,60379,125,0.00113559995822326,3.00748755036858e-06,2.75812955237902e-07,0,34,322.531,220918.254264762
"Texas",2010,140110.813276123,153,13006,0,0,25241897,NA,NA,NA,46,0.000515254459678684,0,NA,NA,NA,218.056,140110.813276123
"Texas",2011,135742.559349403,162,16675,0,0,25645504,NA,NA,NA,261,0.000650211436671317,0,0,NA,46,224.939,131588.917535392
"Texas",2012,136176.203646406,164,19997,0,0,26084120,NA,NA,NA,1,0.000766635025448434,0,0,0,261,229.594,129332.814717809
"Texas",2013,143150.936887147,186,19272,0,0,26479646,NA,NA,NA,6,0.000727804291643476,0,0,0,1,232.957,133994.34528202
"Texas",2014,154498.566151378,155,16230,0,0,26963092,NA,NA,NA,1,0.000601933932502993,0,0,0,6,236.736,142307.631035013
"Texas",2015,167333.415920502,251,29441,0,0,27468531,NA,NA,NA,136,0.00107180831767086,0,0,0,1,237.017,153946.996805972
"Texas",2016,180164.235356023,254,27946,0,0,27914064,NA,NA,NA,145,0.00100114408278207,0,0,0,136,240.007,163686.444582003
"Texas",2017,191991.199979973,225,19734,0,0,28291024,NA,NA,NA,53,0.000697535727232779,0,0,0,145,245.12,170793.215987406
"Texas",2018,203950.515911116,177,21788,0,0,28624564,NA,NA,NA,9,0.000761164432059122,0,0,0,53,251.107,177106.308057977
"Texas",2019,213239.12774954,161,15519,0,0,28986794,NA,NA,NA,47,0.000535381732798736,0,0,0,9,255.657,181876.777246677
"Texas",2020,224604.842934429,1180,91695,0,0,29237895,88105,55689,54457,614,0.00313616968663442,0,0,0,47,258.811,189236.290694406
"Texas",2021,257461.555497471,165,14516,0,0,29572672,364360,269979,242841,510,0.000490858587279499,0,0,0,614,270.97,207185.43361094
"Texas",2022,303346.021652865,81,6755,0,0,30118002,383791,260655,417211,7,0.000224284466147522,0,0,0,510,292.655,226021.834916667
"Texas",2023,305657.777541172,228,24262,0,0,30719247,390308,231625,440357,23,0.000789798005139905,0,0,0,7,304.702,218739.989693267
"Texas",2024,306120.973503137,194,26733,0,0,31318578,387626,230260,440931,154,0.000853582815924784,0,0,0,23,314.055,212547.213062044
"Texas",2025,300639.900743323,280,24212,0,0,31709821,390203,232492,234774,36,0.000763548933309967,0,0,0,154,322.531,203255.917094748
"Utah",2010,203564.273738994,15,1644,0,0,2775413,NA,NA,NA,1,0.000592344274527791,0,NA,NA,NA,218.056,203564.273738994
"Utah",2011,188129.989014822,16,1372,0,0,2814797,NA,NA,NA,22,0.000487424137513291,0,0,NA,1,224.939,182373.322921397
"Utah",2012,189837.544411284,8,2218,0,0,2854146,NA,NA,NA,7,0.00077711511604522,0,0,0,22,229.594,180297.462408194
"Utah",2013,210132.379262895,11,1241,0,0,2898773,NA,NA,NA,1,0.000428112170218227,0,0,0,7,232.957,196691.34686895
"Utah",2014,223916.560245948,15,2646,0,0,2938327,NA,NA,NA,1,0.00090051243445675,0,0,0,1,236.736,206248.09687158
"Utah",2015,237769.982605143,19,2094,0,0,2983626,NA,NA,NA,0,0.000701830591367685,0,0,0,1,237.017,218748.74514042
"Utah",2016,260219.382586503,17,2050,0,0,3044241,NA,NA,NA,1,0.000673402664243731,0,0,0,0,240.007,236419.761462302
"Utah",2017,282687.617451537,13,1502,0,0,3103540,NA,NA,NA,5,0.000483963473968436,0,0,0,1,245.12,251475.730707459
"Utah",2018,309298.951248602,18,2489,0,0,3155153,NA,NA,NA,4,0.000788868241888745,0,0,0,5,251.107,268588.657876783
"Utah",2019,333333.904645555,7,425,0,0,3203383,NA,NA,NA,1,0.000132672240565677,0,0,0,4,255.657,284308.498931738
"Utah",2020,363124.245555165,33,5375,0,0,3283970,11868,4967,4771,78,0.00163673845985195,0,0,0,1,258.811,305943.025948577
"Utah",2021,445999.388818453,11,1459,0,0,3339874,45687,22007,32305,8,0.000436842827004851,0,0,0,78,270.97,358906.309658621
"Utah",2022,522488.371207125,9,1464,0,0,3393928,46261,23362,31549,0,0.000431358590989555,0,0,0,8,292.655,389303.870673458
"Utah",2023,505704.325395066,22,1884,0,0,3449259,45440,21147,31003,5,0.000546204271700096,0,0,0,0,304.702,361900.684532253
"Utah",2024,513181.942394255,13,2463,0,0,3502983,45668,21529,29558,1,0.00070311503081802,0,0,0,5,314.055,356314.663452967
"Utah",2025,523114.360915817,18,1872,0,0,3538904,46948,21987,10844,4,0.000528977333095218,0,0,0,1,322.531,353665.926946121
"Vermont",2010,207122.787511189,2,179,0,0,625886,NA,NA,NA,3,0.000285994574091768,0,NA,NA,NA,218.056,207122.787511189
"Vermont",2011,207275.4081979,3,89,0,0,627197,NA,NA,NA,43,0.000141901188940636,0,0,NA,3,224.939,200932.903631657
"Vermont",2012,210476.476899555,2,14,0,0,626361,NA,NA,NA,3,2.23513277486944e-05,0,0,0,43,229.594,199899.207500237
"Vermont",2013,216884.005263337,2,201,0,0,626603,NA,NA,NA,10,0.000320777270456733,0,0,0,3,232.957,203011.107851244
"Vermont",2014,220723.303530088,3,396,0,0,625693,NA,NA,NA,14,0.000632898242428795,0,0,0,10,236.736,203306.80874289
"Vermont",2015,225873.544271652,9,453,0,0,625810,NA,NA,NA,12,0.000723861875009987,0,0,0,14,237.017,207804.003804366
"Vermont",2016,229035.196269822,4,306,0,0,624366,NA,NA,NA,0,0.000490097154553579,0,0,0,12,240.007,208087.675600346
"Vermont",2017,239276.75437162,5,205,0,0,625132,NA,NA,NA,7,0.000327930741027495,0,0,0,0,245.12,212857.914292012
"Vermont",2018,249711.468000754,7,590,0,0,624802,NA,NA,NA,15,0.000944299153971978,0,0,0,7,251.107,216844.149571189
"Vermont",2019,256152.24690244,4,472,0,0,624046,NA,NA,NA,6,0.000756354499508049,0,0,0,15,255.657,218478.407986319
"Vermont",2020,270559.590957647,10,901,0,0,642965,1303,1555,-31,36,0.00140132044512532,0,0,0,6,258.811,227954.53889464
"Vermont",2021,312603.266574737,4,579,0,0,647238,5156,6435,5253,16,0.000894570467123377,0,0,0,36,270.97,251559.279242059
"Vermont",2022,354476.182088338,2,228,0,0,647614,5409,7202,2512,0,0.000352061567538688,0,0,0,16,292.655,264118.700727665
"Vermont",2023,372944.514046654,0,0,0,0,647722,5089,6833,1967,37,0,0,0,0,0,304.702,266892.862386716
"Vermont",2024,384630.260792131,4,341,0,0,646521,5039,6871,681,38,0.000527438397205969,0,0,0,37,314.055,267058.114493604
"Vermont",2025,379388.036438509,6,361,0,0,644663,4979,6748,-103,0,0.000559982502485795,0,0,0,38,322.531,256495.771487502
"Virginia",2010,221132.143162327,15,1448,3,12,8024004,NA,NA,NA,88,0.000180458534168228,1.49551271410134e-06,NA,NA,NA,218.056,221132.143162327
"Virginia",2011,213923.798377208,59,6318,30,29,8102437,NA,NA,NA,98,0.000779765396509717,3.57917006944948e-06,1.49551271410134e-06,NA,88,224.939,207377.857014304
"Virginia",2012,215171.436511899,79,8128,34,45,8187456,NA,NA,NA,234,0.000992738159447819,5.49621274300589e-06,3.57917006944948e-06,1.49551271410134e-06,98,229.594,204358.226957319
"Virginia",2013,225354.69369238,73,7278,16,57,8255861,NA,NA,NA,0,0.000881555539755333,6.90418600797664e-06,5.49621274300589e-06,3.57917006944948e-06,234,232.957,210939.972131276
"Virginia",2014,232648.691660985,65,6986,19,46,8315430,NA,NA,NA,0,0.000840124924387554,5.53188470109183e-06,6.90418600797664e-06,5.49621274300589e-06,0,236.736,214291.206697873
"Virginia",2015,237889.244070528,48,8561,22,26,8367303,NA,NA,NA,0,0.00102314927522046,3.10733339046046e-06,5.53188470109183e-06,6.90418600797664e-06,0,237.017,218858.465869719
"Virginia",2016,244783.826320863,58,8101,34,24,8417651,NA,NA,NA,40,0.000962382498395336,2.8511517049115e-06,3.10733339046046e-06,5.53188470109183e-06,0,240.007,222395.93858605
"Virginia",2017,253399.382251346,67,6969,46,21,8471011,NA,NA,NA,0,0.000822688106531794,2.47904293832224e-06,2.8511517049115e-06,3.10733339046046e-06,40,245.12,225421.245496897
"Virginia",2018,262817.351587099,97,9791,66,31,8510920,NA,NA,NA,202,0.00115040442161364,3.64237943724063e-06,2.47904293832224e-06,2.8511517049115e-06,0,251.107,228225.021276494
"Virginia",2019,272591.822269311,57,7407,29,28,8556642,NA,NA,NA,0,0.000865643321293564,3.27231173163491e-06,3.64237943724063e-06,2.47904293832224e-06,202,255.657,232500.116940889
"Virginia",2020,288235.7655206,229,30294,27,202,8637303,23617,19727,730,276,0.00350734482743051,2.33869299247693e-05,3.27231173163491e-06,3.64237943724063e-06,0,258.811,242847.244075252
"Virginia",2021,324017.714180367,45,4475,12,33,8660007,94434,83773,10647,34,0.000516743231269905,3.81062047640377e-06,2.33869299247693e-05,3.27231173163491e-06,276,270.97,260744.756553545
"Virginia",2022,356507.340307984,29,2577,9,20,8681038,95761,86290,11955,30,0.0002968539015726,2.30387195632596e-06,3.81062047640377e-06,2.33869299247693e-05,34,292.655,265632.108107491
"Virginia",2023,370711.208843831,53,4850,29,24,8732034,94600,79649,36165,0,0.00055542614698935,2.74850052118441e-06,2.30387195632596e-06,3.81062047640377e-06,30,304.702,265294.626735795
"Virginia",2024,389812.169707508,31,4008,17,14,8819642,93837,78487,72315,61,0.000454440214239988,1.58736601780435e-06,2.74850052118441e-06,2.30387195632596e-06,0,314.055,270656.039476335
"Virginia",2025,400222.200811103,60,6675,23,36,8880107,92070,78253,46704,36,0.000751680131782196,4.05400520511746e-06,1.58736601780435e-06,2.74850052118441e-06,61,322.531,270581.284341864
"Washington",2010,257270.009433171,31,2781,13,18,6743009,NA,NA,NA,2,0.000412427152329175,2.66943140666133e-06,NA,NA,NA,218.056,257270.009433171
"Washington",2011,234096.441782029,35,4716,23,12,6827479,NA,NA,NA,8,0.000690738118711167,1.75760335549915e-06,2.66943140666133e-06,NA,2,224.939,226933.229494316
"Washington",2012,220643.718177995,46,6271,30,16,6898599,NA,NA,NA,24,0.000909025151338699,2.31931150078443e-06,1.75760335549915e-06,2.66943140666133e-06,8,229.594,209555.5049828
"Washington",2013,235750.659644027,59,6435,38,21,6966252,NA,NA,NA,4,0.000923739192897415,3.01453349663492e-06,2.31931150078443e-06,1.75760335549915e-06,24,232.957,220670.964338216
"Washington",2014,254039.064965955,48,5882,21,27,7057531,NA,NA,NA,20,0.000833435942399686,3.82570051764562e-06,3.01453349663492e-06,2.31931150078443e-06,4,236.736,233993.741341479
"Washington",2015,274266.29604859,41,5142,19,22,7167287,NA,NA,NA,47,0.000717426273009578,3.06950175149956e-06,3.82570051764562e-06,3.01453349663492e-06,20,237.017,252325.408941854
"Washington",2016,304863.372498684,59,6945,44,15,7299961,NA,NA,NA,30,0.000951374945701765,2.05480549827595e-06,3.06950175149956e-06,3.82570051764562e-06,47,240.007,276980.619538484
"Washington",2017,338311.189492529,42,5990,17,25,7427951,NA,NA,NA,18,0.000806413504881764,3.36566571319601e-06,2.05480549827595e-06,3.06950175149956e-06,30,245.12,300957.835900714
"Washington",2018,373509.98867909,35,3509,28,7,7526793,NA,NA,NA,12,0.00046620120946597,9.3001096217207e-07,3.36566571319601e-06,2.05480549827595e-06,18,251.107,324348.16270119
"Washington",2019,392983.51575819,63,9351,45,18,7614024,NA,NA,NA,8,0.00122812851653738,2.36405874213162e-06,9.3001096217207e-07,3.36566571319601e-06,12,255.657,335185.085924375
"Washington",2020,427198.79936224,262,46425,34,227,7726812,21080,15110,12548,136,0.00600829941248732,2.9378222221532e-05,2.36405874213162e-06,9.3001096217207e-07,8,258.811,359927.75188741
"Washington",2021,507801.844172619,34,3286,14,20,7744316,82557,64741,-1009,39,0.000424311198045121,2.58253924555765e-06,2.9378222221532e-05,2.36405874213162e-06,136,270.97,408640.214536312
"Washington",2022,577960.442648274,30,4365,15,15,7786828,83955,70619,32214,41,0.000560562015752756,1.9263299510404e-06,2.58253924555765e-06,2.9378222221532e-05,39,292.655,430635.875970382
"Washington",2023,564492.235414073,73,21963,25,48,7838655,82165,67733,38195,16,0.00280188374153474,6.12349950342246e-06,1.9263299510404e-06,2.58253924555765e-06,41,304.702,403971.48323756
"Washington",2024,583738.785856864,63,10207,34,29,7927958,82149,65455,72889,29,0.00128746898003244,3.6579406702205e-06,6.12349950342246e-06,1.9263299510404e-06,16,314.055,405303.990348201
"Washington",2025,589754.783672807,115,29156,40,73,8001020,83368,66138,55440,19,0.00364403538548835,9.12383671081937e-06,3.6579406702205e-06,6.12349950342246e-06,29,322.531,398720.027248722
"West Virginia",2010,99710.5772431769,0,0,0,0,1854265,NA,NA,NA,49,0,0,NA,NA,NA,218.056,99710.5772431769
"West Virginia",2011,98487.7980472386,0,0,0,0,1856606,NA,NA,NA,0,0,0,0,NA,49,224.939,95474.1298351494
"West Virginia",2012,100018.097540072,0,0,0,0,1857446,NA,NA,NA,189,0,0,0,0,0,229.594,94991.7954179895
"West Virginia",2013,101060.727723352,0,0,0,0,1854768,NA,NA,NA,2,0,0,0,0,189,232.957,94596.4192724116
"West Virginia",2014,100465.761815053,0,0,0,0,1850569,NA,NA,NA,9,0,0,0,0,2,236.736,92538.364077889
"West Virginia",2015,106591.083093642,32,3688,2,30,1843332,NA,NA,NA,67,0.00200072477448447,1.62748761481925e-05,0,0,9,237.017,98063.9583450433
"West Virginia",2016,109430.523562295,43,5695,13,30,1832435,NA,NA,NA,18,0.003107886500749,1.63716584762897e-05,1.62748761481925e-05,0,67,240.007,99422.0262154844
"West Virginia",2017,110360.282493885,21,1290,10,11,1818683,NA,NA,NA,12,0.000709304480220027,6.04833277707e-06,1.63716584762897e-05,1.62748761481925e-05,18,245.12,98175.2682746683
"West Virginia",2018,114109.022044148,18,1767,6,12,1805953,NA,NA,NA,28,0.000978430778652601,6.64469119628252e-06,6.04833277707e-06,1.63716584762897e-05,12,251.107,99089.857753303
"West Virginia",2019,116714.00168065,22,3622,14,8,1795263,NA,NA,NA,5,0.00201753169312797,4.45617160271225e-06,6.64469119628252e-06,6.04833277707e-06,28,255.657,99548.1772471549
"West Virginia",2020,121877.754420033,81,18035,6,75,1791670,4318,5860,-760,110,0.0100660277841344,4.18603872364889e-05,4.45617160271225e-06,6.64469119628252e-06,5,258.811,102685.649442314
"West Virginia",2021,138336.157492514,5,1462,2,3,1785921,17133,27581,3755,12,0.000818625235942687,1.67980554571003e-06,4.18603872364889e-05,4.45617160271225e-06,110,270.97,111322.394206693
"West Virginia",2022,150295.148651275,4,396,1,2,1774003,17115,29938,1525,2,0.000223223974254835,1.12739380936785e-06,1.67980554571003e-06,4.18603872364889e-05,12,292.655,111984.278192078
"West Virginia",2023,154563.934139716,13,1494,10,3,1770036,16983,25805,5098,0,0.000844050629478722,1.69488078208579e-06,1.12739380936785e-06,1.67980554571003e-06,2,304.702,110611.657366115
"West Virginia",2024,162623.808382698,8,1562,2,4,1767402,16818,24758,5421,35,0.000883783089529151,2.26320893605416e-06,1.69488078208579e-06,1.12739380936785e-06,0,314.055,112913.652579
"West Virginia",2025,168072.70115434,21,2144,3,18,1766147,16954,24841,6652,14,0.00121394198784133,1.01916771367276e-05,2.26320893605416e-06,1.69488078208579e-06,35,322.531,113630.196548272
"Wisconsin",2010,158834.191592763,0,0,0,0,5690538,NA,NA,NA,12,0,0,NA,NA,NA,218.056,158834.191592763
"Wisconsin",2011,148497.172348331,0,0,0,0,5705840,NA,NA,NA,11,0,0,0,NA,12,224.939,143953.246940671
"Wisconsin",2012,145400.681273366,0,0,0,0,5720825,NA,NA,NA,4,0,0,0,0,11,229.594,138093.726124137
"Wisconsin",2013,149388.62414527,0,0,0,0,5738012,NA,NA,NA,8,0,0,0,0,4,232.957,139833.041405156
"Wisconsin",2014,154911.113053233,0,0,0,0,5753199,NA,NA,NA,0,0,0,0,0,8,236.736,142687.625320762
"Wisconsin",2015,159669.622897728,0,0,0,0,5762927,NA,NA,NA,0,0,0,0,0,0,237.017,146896.29558465
"Wisconsin",2016,167756.403156736,79,6671,44,2,5775170,NA,NA,NA,19,0.0011551175116923,3.46310151908948e-07,0,0,0,240.007,152413.430636378
"Wisconsin",2017,177503.348368232,59,7468,45,4,5793147,NA,NA,NA,11,0.00128910935627907,6.90470999613854e-07,3.46310151908948e-07,0,19,245.12,157904.985850944
"Wisconsin",2018,188773.376201401,78,9801,43,12,5809319,NA,NA,NA,20,0.00168711685483273,2.06564659299997e-06,6.90470999613854e-07,3.46310151908948e-07,11,251.107,163926.801407259
"Wisconsin",2019,200641.871794048,85,8987,59,4,5824581,NA,NA,NA,20,0.00154294360401203,6.86744677428299e-07,2.06564659299997e-06,6.90470999613854e-07,20,255.657,171132.274867979
"Wisconsin",2020,214271.573524109,279,39226,84,19,5897371,15536,14146,281,170,0.00665143841213313,3.22177458396292e-06,6.86744677428299e-07,2.06564659299997e-06,20,258.811,180530.202488971
"Wisconsin",2021,242214.720668979,34,2336,20,0,5882128,59947,61969,-15110,0,0.00039713518644953,0,3.22177458396292e-06,6.86744677428299e-07,170,270.97,194915.943204764
"Wisconsin",2022,265957.543941362,41,3851,32,1,5903472,60704,63557,26393,0,0.000652327985971645,1.69391842630913e-07,0,3.22177458396292e-06,0,292.655,198163.838655337
"Wisconsin",2023,282213.542938674,109,6089,36,1,5930350,60074,58672,26297,0,0.00102675221529927,1.68624111561712e-07,1.69391842630913e-07,0,0,304.702,201962.429911965
"Wisconsin",2024,297035.979696773,99,7744,63,0,5957168,59434,57490,25223,0,0.00129994655178434,0,1.68624111561712e-07,1.69391842630913e-07,0,314.055,206239.281618696
"Wisconsin",2025,310776.505487253,68,4583,35,9,5972787,59167,58006,14244,3,0.000767313483638375,1.50683424672603e-06,0,1.68624111561712e-07,0,322.531,210109.048992278
"Wyoming",2010,194469.480883042,0,0,0,0,564531,NA,NA,NA,3,0,0,NA,NA,NA,218.056,194469.480883042
"Wyoming",2011,192646.674781194,0,0,0,0,567491,NA,NA,NA,16,0,0,0,NA,3,224.939,186751.800781937
"Wyoming",2012,198118.678123637,0,0,0,0,576656,NA,NA,NA,6,0,0,0,0,16,229.594,188162.43663566
"Wyoming",2013,206000.860700794,0,0,0,0,582620,NA,NA,NA,0,0,0,0,0,6,232.957,192824.099215617
"Wyoming",2014,209351.997134695,0,0,0,0,583159,NA,NA,NA,0,0,0,0,0,0,236.736,192832.771894444
"Wyoming",2015,220823.327376025,0,0,0,0,586389,NA,NA,NA,5,0,0,0,0,0,237.017,203157.796589724
"Wyoming",2016,227689.729850773,0,0,0,0,585243,NA,NA,NA,2,0,0,0,0,5,240.007,206865.265314513
"Wyoming",2017,228522.029170089,0,0,0,0,579994,NA,NA,NA,4,0,0,0,0,2,245.12,203290.631497687
"Wyoming",2018,232236.443621317,0,0,0,0,579054,NA,NA,NA,2,0,0,0,0,4,251.107,201669.208545719
"Wyoming",2019,242692.010194347,0,0,0,0,580116,NA,NA,NA,0,0,0,0,0,2,255.657,206997.84858204
"Wyoming",2020,258274.179881601,0,0,0,0,577669,1585,1304,446,51,0,0,0,0,0,258.811,217603.713011667
"Wyoming",2021,284297.942049128,0,0,0,0,579662,6131,6185,2014,0,0,0,0,0,51,270.97,228781.311774236
"Wyoming",2022,314760.520685105,0,0,0,0,581742,6121,6748,2787,0,0,0,0,0,0,292.655,234526.729762045
"Wyoming",2023,326454.011148627,0,0,0,0,584666,6065,5701,2592,1,0,0,0,0,0,304.702,233622.542205253
"Wyoming",2024,337581.065305511,0,0,0,0,586722,6036,5759,1781,6,0,0,0,0,1,314.055,234390.717473877
"Wyoming",2025,353446.373135774,0,0,0,0,588753,6070,5775,1732,1,0,0,0,0,6,322.531,238957.192767499
